Nazwa,Dzielnica,Adres,Kod,Sporty,Telefon,E-mail,WWW,Operator,Status,System rezerwacji,Przypisany,Osoba kontaktowa,Ostatni kontakt,Followup,Notatki,AI,Ostatnia zmiana
12ft,Stare Miasto,"Za Bramką 10/11, 61-842 Poznań, Polska",61-842,wielofunkcyjne,+48 889 712 019,12ftpoznan@gmail.com,12ftclub.pl,Klub prywatny,Nowy,Nieznany,,,,,,"12ft to klub bilardowy (snookerowy) znajdujący się na ul. Za Bramką 10/11 w Poznaniu, działający od 2007 roku. Jest to klub prywatny oferujący gry w bilard, snookera i darty. Kontakt: +48 889 712 019 lub 12ftpoznan@gmail.com. Strona www: 12ftclub.pl. Otwarte codziennie od 12:00. Rezerwacja stołów wymaga bezpośredniego kontaktu telefonicznego lub mailowego - precyzyjny system rezerwacji nie został określony.",
AKWEN,,Poznań,,wielofunkcyjne,+48 61 415 19 13; +48 61 646 01 62,w.grabinski@akwenczerwonak.pl,https://akwenczerwonak.pl/boiska-sportowe/,AKWEN,Nowy,Nieznany,,,,,,,Franek
Arena,,"Stanisława Wyspiańskiego, 33, Poznań",,wielofunkcyjne,,,https://posir.poznan.pl/obiekty/kasprowicza/hala-sportow-walki,,Nowy,Telefon,,,,,,Rezerwacje przyjmowane telefonicznie na numer 61 835 79 00 (centrala) lub 61 835 79 01 (sekretariat); brak informacji o systemie online.,
Atlantis Fitness Club,,"Złotowska, 86, Poznań",,wielofunkcyjne,+48 505 535 845,klub@atlantisfitness.pl,https://www.AtlantisFitness.pl,Prywatny klub fitness,Nowy,Zewnętrzny,,,,,,"Atlantis Fitness Club to prywatny klub fitness na Złotowskiej 86 w Poznaniu. Oferuje salę maszyn siłowych, strefy cardio, aerobic, salę funkcjonalną, bokserską, saunę i rolletic. Rezerwacja i dostęp możliwe poprzez karty MultiSport Plus, MultiSport Senior oraz OK System. Kontakt: +48 505 535 845, klub@atlantisfitness.pl.",
AWF Poznań,,Poznań,,wielofunkcyjne,61 833 05 11,,http://www.chwialka.poznan.pl/,,Nowy,Nieznany,,,,,,,
AZS Poznań,,"Zygmunta Noskowskiego, 25, Poznań",61-705,wielofunkcyjne,61 852 98 17,poznan@azs.pl,http://www.poznanazs.pl/,Akademicki Związek Sportowy,Nowy,Nieznany,,,,,,,
AZS Poznań,,Poznań,,wielofunkcyjne,61 853 03 60,,http://www.poznanazs.pl/,,Nowy,Nieznany,,,,,,"Strona główna AZS Poznań nie zawiera informacji o systemie rezerwacji obiektu Boisko Przepadek. Dostępne są jedynie informacje o organizacji, aktualności sportowe i zdarzenia.",
Black Ball Klub bilardowy,,"Wielka 21, 61-775 Poznań, Polska",,wielofunkcyjne,+48 61 855 14 96,,http://www.blackball.pl,Klub prywatny,Nowy,Telefon,,,,,,"Black Ball Klub bilardowy to prywatny klub zlokalizowany przy ul. Wielkiej 21 w Poznaniu. Udostępnia 11 stołów bilardowych i rzutki. Rezerwacje przyjmowane telefonicznie pod numerem +48 61 855 14 96. Obiekt czynny od 15:00 (poniedziałek–czwartek do 00:00, piątek–sobota do 02:00). Strona www: blackball.pl.",
Boisko — hokej,Grunwald Południe,ul. Promienista,60-288,hokej,602 114 082,,,,Nowy,Nieznany,,,,,,,
Boisko — hokej,,Poznań,,hokej,61 835 50 00,,http://awf.poznan.pl/,,Nowy,E-mail,,,,,,Rezerwacje boisk hokejowych przyjmowane przez e-mail - adres podany w sekcji kontaktu obiektu.,
Boisko — hokej na trawie · sztuczna trawa,Jagiellońskie,ul. Poselska,63-000,hokej na trawie,61 285 23 74,,https://www.orlik2012.pl/index.php/znajdz-orlika/sroda-wielkopolska-ul-lipowa-9,,Nowy,Nieznany,,,,,,Strona domeny orlik2012.pl jest niedostępna - wyświetla tylko stronę rejestratora Aftermarket.pl. Nie można określić sposobu rezerwacji obiektu sportowego.,
Boisko — koszykówka,Świdlin,ul. Lipowa 27,64-500,koszykówka,61 292 15 79,,,,Nowy,Nieznany,,,,,,"Obiekty sportowe: boisko do piłki nożnej i koszykówki na ul. Lipowa 27 w Poznaniu. Znany jest telefon kontaktowy 61 292 15 79 (z OSM), jednak wyszukiwanie internetowe nie potwierdziło konkretnych danych o operatorze, godzinach otwarcia ani systemie rezerwacji. Zaleca się weryfikację poprzez bezpośredni kontakt telefoniczny pod podanym numerem.",
Boisko — koszykówka,Golęcin,ul. Dojazd,60-631,koszykówka,61 846 62 50,,https://sparrow.up.poznan.pl/ckf/,,Nowy,Zewnętrzny,,,,,,Rezerwacje boisk do siatkówki plażowej oraz innych obiektów odbywają się przez zewnętrzny system Bo5.pl z możliwością opłaty online.,
Boisko — koszykówka,Krzyżowniki-Smochowice,ul. Przytoczna,60-427,koszykówka,880 562 845,,http://www.centrumplek.pl/,,Nowy,Zewnętrzny,,,,,,Rezerwacje odbywają się poprzez aplikację Playtomic - zewnętrzną platformę do rezerwacji kortów i boisk sportowych.,
Boisko — koszykówka,,ul. Łąkowa,64-550,koszykówka,453 674 294,,,,Nowy,Nieznany,,,,,,,
Boisko — koszykówka,Jagiellońskie,ul. 20 Października,63-000,koszykówka,61 285 23 74,,https://www.orlik2012.pl/index.php/znajdz-orlika/sroda-wielkopolska-ul-lipowa-9,,Nowy,Nieznany,,,,,,"Strona domeny jest niedostępna - wyświetlana jest tylko strona rejestratora Aftermarket.pl informująca o zarejestrowaniu domeny, bez dostępu do rzeczywistej treści serwisu obiektu sportowego.",
Boisko — koszykówka,,Poznań,,koszykówka,61 872 73 03,,http://www.kleszczewo.pl/page.php?o=592,,Nowy,Nieznany,,,,,,,
Boisko — koszykówka,,Poznań,,koszykówka,61 840 68 72,,https://posir.poznan.pl/obiekty/golecin/boiska-pilkarskie,,Nowy,Telefon,,,,,,Rezerwacje odbywają się telefonicznie poprzez Oddział Golęcin: tel. 61 840 68 72 lub centralę: 61 835 79 00.,
Boisko — koszykówka,,Poznań,,koszykówka,,,https://osirmosina.pl/index.php/boiska/,,Nowy,Telefon,,,,,,"Rezerwacje boisk przyjmowane telefonicznie - podany numer telefonu OSiR +48 61 101 95 66 lub +48 61 813 29 03, brak formularza online lub zewnętrznej platformy.",
Boisko — koszykówka,,Poznań,,koszykówka,61 447 51 90,,,,Nowy,Nieznany,,,,,,,
Boisko — koszykówka,,Poznań,,koszykówka,61 829 64 01,,http://swfis.amu.edu.pl/,,Nowy,Nieznany,,,,,,,
Boisko — koszykówka,,Poznań,,koszykówka,,,http://www.osir.pobiedziska.pl/,,Nowy,Nieznany,,,,,,,
Boisko — koszykówka,,Poznań,,koszykówka,,,http://www.osir.pobiedziska.pl/,,Nowy,Nieznany,,,,,,,
Boisko — koszykówka,,Poznań,,koszykówka,,,http://www.osir.pobiedziska.pl/,,Nowy,Nieznany,,,,,,,
Boisko — koszykówka,,Poznań,,koszykówka,788 577 849,,http://losir.eu/gallery/hala-widowiskowo-sportowa/,,Nowy,Nieznany,,,,,,,
Boisko — koszykówka,,Poznań,,koszykówka,61 814 82 62,,https://gosir.dopiewo.pl/,,Nowy,Nieznany,,,,,,,
Boisko — koszykówka,,Poznań,,koszykówka,61 829 64 01,,http://swfis.amu.edu.pl/,,Nowy,Nieznany,,,,,,"Strona główna obiektu nie zawiera informacji o systemie rezerwacji; dostępny jest link do sekcji ""Wynajem"" obiektu, ale bez szczegółów dotyczących procedury rezerwacji.",
Boisko — koszykówka,,Poznań,,koszykówka,,,http://www.osir.pobiedziska.pl/,,Nowy,Telefon,,,,,,"Rezerwacje odbywają się wyłącznie telefonicznie pod numerami podanymi dla poszczególnych obiektów (Hala Sportowa/siłownia/korty tenisowe: 798 514 013, Stadion Miejski/Orlik: 501 379 815) lub biuro w godz. 8:00-16:00: 513 270 075.",
Boisko — koszykówka,,Poznań,,koszykówka,61 285 23 74,,https://www.orlik2012.pl/index.php/znajdz-orlika/sroda-wielkopolska-ul-lipowa-9,,Nowy,Nieznany,,,,,,"Strona domeny jest niedostępna - wyświetlana jest tylko strona rejestratora Aftermarket.pl informująca o zarejestrowaniu domeny, bez dostępu do rzeczywistej treści serwisu obiektu sportowego.",
Boisko — koszykówka,,Poznań,,koszykówka,61 816 60 86,,http://www.osir.pl/,,Nowy,Nieznany,,,,,,,
Boisko — koszykówka,,Poznań,,koszykówka,61 877 23 29,,https://posir.poznan.pl/obiekty/mos/,,Nowy,Nieznany,,,,,,,
Boisko — koszykówka,,Poznań,,koszykówka,+48 616652717,osrodekrataje@posir.poznan.pl,https://cspp.put.poznan.pl/obiekty-sportowe/boisko-do-pilki-noznej-miedzy-ds-3-a-ds4,,Nowy,Nieznany,,,,,,,
Boisko — koszykówka,,Poznań,,koszykówka,,,https://osirmosina.pl/index.php/boiska/,,Nowy,Nieznany,,,,,,,
Boisko — koszykówka,,Poznań,,koszykówka,61 835 50 00,,http://awf.poznan.pl/,,Nowy,Nieznany,,,,,,,
Boisko — koszykówka,,Poznań,,koszykówka,61 866 23 45,osrodekrataje@posir.poznan.pl,https://arenapoznan.pl/,,Nowy,Nieznany,,,,,,"Strona Arena Poznań nie zawiera informacji o systemie rezerwacji. Hala jest w trakcie modernizacji, a na stronie brak sekcji dotyczącej rezerwacji boisk lub pomieszczeń.",
Boisko — koszykówka,,Poznań,,koszykówka,61 840 68 72,,https://posir.poznan.pl/obiekty/golecin/boiska-pilkarskie,,Nowy,Telefon,,,,,,"Rezerwacje przyjmowane telefonicznie pod numer 61 840 68 72 (Oddział Golęcin) lub 61 835 79 00 (centrala). Na stronie dostępne są kalendarze dostępności obiektów do pobrania, ale brak systemu rezerwacji online.",
Boisko — koszykówka,,Poznań,,koszykówka,61 833 05 11,,http://www.chwialka.poznan.pl/,,Nowy,E-mail,,,,,,Rezerwacje boisk koszykówki odbywają się poprzez e-mail - adres rezerwacji hal sportowych dostępny w sekcji kontaktowej obiektu.,
Boisko — koszykówka,,Poznań,,koszykówka,61 814 91 40,,http://www.osir-buk.pl/,,Nowy,Nieznany,,,,,,,
Boisko — koszykówka,,Poznań,,koszykówka,,,https://posir.poznan.pl/obiekty/kasprowicza/hala-sportow-walki,,Nowy,Telefon,,,,,,Rezerwacje przyjmowane telefonicznie na numer 61 835 79 00 (centrala) lub 61 835 79 01 (sekretariat); brak informacji o systemie online.,
Boisko — koszykówka,,Poznań,,koszykówka,61 840 68 72,,https://posir.poznan.pl/obiekty/golecin/boiska-pilkarskie,,Nowy,Nieznany,,,,,,,
Boisko — koszykówka,,Poznań,,koszykówka,61 877 23 29,,https://posir.poznan.pl/obiekty/mos/,,Nowy,Nieznany,,,,,,,
Boisko — koszykówka,,Poznań,,koszykówka,61 877 23 29,,https://posir.poznan.pl/obiekty/mos/,,Nowy,Nieznany,,,,,,,
Boisko — koszykówka,,Poznań,,koszykówka,33 385 23 56,,http://www.akwenczerwonak.pl/,,Nowy,Nieznany,,,,,,,
Boisko — koszykówka · mączka ceglana,,Poznań,,koszykówka,453 674 294,,,,Nowy,Nieznany,,,,,,,
Boisko — koszykówka · tartan / asfalt,,ul. Łąkowa,62-095,koszykówka,61 812 21 20,,https://www.ckis.murowana-goslina.pl/,,Nowy,Nieznany,,,,,,Strona główna CKiS nie zawiera informacji o systemie rezerwacji dla boiska piłkarskiego; wymagane sprawdzenie dedykowanej podstrony obiektu sportowego.,
Boisko — koszykówka · tartan / asfalt,,ul. Poziomkowa,62-002,koszykówka,61 892 65 35,,http://gos.suchylas.pl/,,Nowy,Nieznany,,,,,,,
Boisko — koszykówka · tartan / asfalt,Łacina,ul. Milczańska,61-132,koszykówka,61 877 53 79,,http://www.csmarcelin.ataner.pl/,,Nowy,Własny system,,,,,,Rezerwacje odbywają się poprzez własny system online na stronie www.csmarcelin.ataner.pl lub poprzez Kiosk w Centrum Sportowym; wymaga logowania numerem lokalu/mieszkania i hasła przypisanego osobom.,
Boisko — koszykówka · tartan / asfalt,,Poznań,,koszykówka,61 892 65 35,,http://gos.suchylas.pl/,,Nowy,Nieznany,,,,,,,
Boisko — koszykówka · tartan / asfalt,,Poznań,,koszykówka,61 833 05 11,,http://www.chwialka.poznan.pl/,,Nowy,E-mail,,,,,,Rezerwacje boisk przyjmowane są przez e-mail na adres podany na stronie (e-mail/rezerwacja torów basenowych oraz rezerwacja hal sportowych wskazane w sekcji kontaktu).,
Boisko — koszykówka · tartan / asfalt,,Poznań,,koszykówka,,,https://posir.poznan.pl/obiekty/kasprowicza/hala-sportow-walki,,Nowy,Telefon,,,,,,Rezerwacje przyjmowane telefonicznie na numer 61 835 79 00 (centrala) lub 61 835 79 01 (sekretariat); brak informacji o systemie online.,
Boisko — koszykówka · tartan / asfalt,,Poznań,,koszykówka,61 812 14 04,,http://www.akwenczerwonak.pl/,,Nowy,Nieznany,,,,,,,
Boisko — piłka nożna,Świdlin,ul. Lipowa 27,64-500,piłka nożna,61 292 15 79,,,,Nowy,Nieznany,,,,,,"Obiekty sportowe: boisko do piłki nożnej i koszykówki na ul. Lipowa 27 w Poznaniu. Znany jest telefon kontaktowy 61 292 15 79 (z OSM), jednak wyszukiwanie internetowe nie potwierdziło konkretnych danych o operatorze, godzinach otwarcia ani systemie rezerwacji. Zaleca się weryfikację poprzez bezpośredni kontakt telefoniczny pod podanym numerem.",
Boisko — piłka nożna,Stare Miasto,al. Armii Poznań 15,61-663,piłka nożna,61 853 03 60,,http://www.poznanazs.pl/,,Nowy,Nieznany,,,,,,"Strona główna AZS Poznań nie zawiera informacji o systemie rezerwacji obiektu Boisko Przepadek. Dostępne są jedynie informacje o organizacji, aktualności sportowe i zdarzenia.",
Boisko — piłka nożna,Golęcin,ul. Dojazd,60-631,piłka nożna,61 846 62 50,,https://sparrow.up.poznan.pl/ckf/,,Nowy,Zewnętrzny,,,,,,Rezerwacje boisk do piłki nożnej odbywają się poprzez zewnętrzny system Bo5.pl z możliwością płatności online.,
Boisko — piłka nożna,Golęcin,ul. Warmińska,60-622,piłka nożna,61 840 68 72,,https://posir.poznan.pl/obiekty/golecin/boiska-pilkarskie,,Nowy,Telefon,,,,,,Rezerwacje przyjmowane telefonicznie pod numerem 61 840 68 72 lub poprzez e-mail na adres biura Oddziału Golęcin.,
Boisko — piłka nożna,Walątkowo,ul. Kostrzyńska,62-010,piłka nożna,,,http://www.osir.pobiedziska.pl/,,Nowy,Telefon,,,,,,"Rezerwacje odbywają się wyłącznie telefonicznie pod numerami podanymi dla poszczególnych obiektów (Hala Sportowa/siłownia/korty tenisowe: 798 514 013, Stadion Miejski/Orlik: 501 379 815) lub biuro w godz. 8:00-16:00: 513 270 075.",
Boisko — piłka nożna,,ul. Podgórna,62-040,piłka nożna,509 581 555,,https://puszczykowo.pl/sport/hala-widowiskowo-sportowa,,Nowy,Telefon,,,,,,Rezerwacje przyjmowane telefonicznie u kierownika hali Przemysława Hejnowicza pod numerem 509 581 555.,
Boisko — piłka nożna,Golęcin,ul. Dojazd,60-631,piłka nożna,61 846 62 50,,https://sparrow.up.poznan.pl/ckf/,,Nowy,Zewnętrzny,,,,,,Rezerwacje boisek do piłki nożnej oraz siatkówki plażowej odbywają się poprzez zewnętrzną platformę Bo5.pl z możliwością opłaty online.,
Boisko — piłka nożna,Golęcin,al. Słoneczna,60-631,piłka nożna,61 846 62 50,,https://sparrow.up.poznan.pl/ckf/,,Nowy,Zewnętrzny,,,,,,Rezerwacje boisk do piłki nożnej odbywają się za pośrednictwem systemu Bo5.pl wraz z możliwością opłaty online.,
Boisko — piłka nożna,,ul. Szamotulska,64-550,piłka nożna,453 674 294,,,,Nowy,Nieznany,,,,,,,
Boisko — piłka nożna,Jagiellońskie,os. Jagiellońskie,63-000,piłka nożna,61 285 23 74,,https://www.orlik2012.pl/index.php/znajdz-orlika/sroda-wielkopolska-ul-lipowa-9,,Nowy,Nieznany,,,,,,"Strona domeny jest niedostępna - wyświetlana jest tylko strona rejestratora Aftermarket.pl informująca o zarejestrowaniu domeny, bez dostępu do rzeczywistej treści serwisu obiektu sportowego.",
Boisko — piłka nożna,Świdlin,al. Śliwkowa,64-500,piłka nożna,61 292 14 85,,http://csszamotuly.pl/,,Nowy,Nieznany,,,,,,"Strona główna nie zawiera informacji o systemie rezerwacji; wymaga przeanalizowania podstron poświęconych ""Boiska piłkarskie"".",
Boisko — piłka nożna,Stare Miasto,al. Armii Poznań,61-711,piłka nożna,61 853 03 60,,http://www.poznanazs.pl/,,Nowy,Nieznany,,,,,,Strona główna AZS Poznań nie zawiera informacji o systemie rezerwacji dla boiska do piłki nożnej - brak szczegółów dotyczących procesu rezerwacji.,
Boisko — piłka nożna,,Poznań,,piłka nożna,61 812 21 20,,https://www.ckis.murowana-goslina.pl/,,Nowy,Nieznany,,,,,,Strona główna CKiS nie zawiera informacji o systemie rezerwacji dla boiska piłkarskiego; wymagane sprawdzenie dedykowanej podstrony obiektu sportowego.,
Boisko — piłka nożna,,Poznań,,piłka nożna,61 840 68 72,,http://golecin.poznan.pl/,,Nowy,Nieznany,,,,,,,
Boisko — piłka nożna,,Poznań,,piłka nożna,61 833 05 11,,http://www.chwialka.poznan.pl/,,Nowy,E-mail,,,,,,Rezerwacje boisk odbywają się drogą mailową - podany jest adres e-mail do rezerwacji.,
Boisko — piłka nożna,,Poznań,,piłka nożna,602 114 082,,https://posir.poznan.pl/obiekty/kasprowicza/hala-sportow-walki,,Nowy,Telefon,,,,,,Rezerwacje przyjmowane telefonicznie na numer 61 835 79 00 (centrala) lub 61 835 79 01 (sekretariat); brak informacji o systemie online.,
Boisko — piłka nożna,,Poznań,,piłka nożna,61 810 79 47,,https://gosirkomorniki.pl/,,Nowy,Nieznany,,,,,,"Strona portalu GOSiR Komorniki zawiera informacje o obiekcie ""Boiska"" (w tym boisko do piłki nożnej), ale nie zawiera żadnych informacji o systemie rezerwacji. Widoczne są jedynie dane kontaktowe: telefon +48 61 81 07 947 i e-mail biuro@gosirkomorniki.pl.",
Boisko — piłka nożna,,Poznań,,piłka nożna,453 674 294,,,,Nowy,Nieznany,,,,,,,
Boisko — piłka nożna,,Poznań,,piłka nożna,33 385 23 56,,http://www.akwenczerwonak.pl/,,Nowy,Nieznany,,,,,,,
Boisko — piłka nożna,,Poznań,,piłka nożna,61 292 14 85,,http://csszamotuly.pl/,,Nowy,Nieznany,,,,,,"Strona główna nie zawiera informacji o systemie rezerwacji; wymaga przeanalizowania podstron poświęconych ""Boiska piłkarskie"".",
Boisko — piłka nożna,,Poznań,,piłka nożna,61 292 15 79,,,,Nowy,Nieznany,,,,,,,
Boisko — piłka nożna,,Poznań,,piłka nożna,669 991 624,,http://www.ocs.oborniki.pl/,,Nowy,Nieznany,,,,,,"Strona zawiera sekcję ""Rezerwacje Bowling - Squash"" oraz formularz kontaktowy, ale nie podaje szczegółowych informacji o systemie rezerwacji ani linku do platformy rezerwacyjnej.",
Boisko — piłka nożna,,Poznań,,piłka nożna,509 581 555,,https://puszczykowo.pl/sport/hala-widowiskowo-sportowa,,Nowy,Telefon,,,,,,Rezerwacje przyjmowane telefonicznie u kierownika hali Przemysława Hejnowicza pod numerem 509 581 555.,
Boisko — piłka nożna,,Poznań,,piłka nożna,61 872 73 03,,http://www.kleszczewo.pl/page.php?o=592,,Nowy,Nieznany,,,,,,,
Boisko — piłka nożna,,Poznań,,piłka nożna,61 833 05 11,,http://www.chwialka.poznan.pl/,,Nowy,E-mail,,,,,,Rezerwacje boisk przyjmowane są przez e-mail oraz poprzez formularz dostępny na stronie (odnośniki do rezerwacji hal sportowych i torów basenowych).,
Boisko — piłka nożna,,Poznań,,piłka nożna,61 447 51 90,,,,Nowy,Nieznany,,,,,,,
Boisko — piłka nożna,,Poznań,,piłka nożna,61 814 91 40,,http://www.osir-buk.pl/,,Nowy,Telefon,,,,,,Rezerwacje przyjmowane telefonicznie na numer +48 61 81 49 140 lub mailowo na osirbuk@post.pl; brak systemu online do rezerwacji.,
Boisko — piłka nożna,,Poznań,,piłka nożna,61 877 23 29,,https://posir.poznan.pl/obiekty/mos/,,Nowy,Telefon,,,,,,Rezerwacje przyjmowane telefonicznie na numer 61 877 23 29 lub przez e-mail kierownika obiektu.,
Boisko — piłka nożna,,Poznań,,piłka nożna,61 285 23 74,,https://www.orlik2012.pl/index.php/znajdz-orlika/sroda-wielkopolska-ul-lipowa-9,,Nowy,Nieznany,,,,,,Strona domeny orlik2012.pl jest niedostępna - wyświetla tylko stronę rejestratora Aftermarket.pl. Nie można określić sposobu rezerwacji obiektu sportowego.,
Boisko — piłka nożna,,Poznań,,piłka nożna,61 816 60 86,,http://www.osir.pl/,,Nowy,Nieznany,,,,,,,
Boisko — piłka nożna,,Poznań,,piłka nożna,788 577 849,,http://losir.eu/gallery/hala-widowiskowo-sportowa/,,Nowy,Nieznany,,,,,,,
Boisko — piłka nożna,,Poznań,,piłka nożna,61 285 23 74,,https://www.orlik2012.pl/index.php/znajdz-orlika/sroda-wielkopolska-ul-lipowa-9,,Nowy,Nieznany,,,,,,"Strona domeny jest niedostępna - wyświetlana jest tylko strona rejestratora Aftermarket.pl informująca o zarejestrowaniu domeny, bez dostępu do rzeczywistej treści serwisu obiektu sportowego.",
Boisko — piłka nożna,,Poznań,,piłka nożna,61 285 23 74,,https://www.orlik2012.pl/index.php/znajdz-orlika/sroda-wielkopolska-ul-lipowa-9,,Nowy,Nieznany,,,,,,"Strona domeny jest niedostępna - wyświetlana jest tylko strona rejestratora Aftermarket.pl informująca o zarejestrowaniu domeny, bez dostępu do rzeczywistej treści serwisu obiektu sportowego.",
Boisko — piłka nożna,,Poznań,,piłka nożna,61 833 05 11,,http://www.chwialka.poznan.pl/,,Nowy,E-mail,,,,,,"Rezerwacje boisk odbywają się drogą mailową - na stronie znajduje się adres e-mail do kontaktu w sekcji ""e-mail/rezerwacja torów basenowych"" oraz ""rezerwacja hal sportowych"".",
Boisko — piłka nożna,,Poznań,,piłka nożna,33 385 23 56,,http://www.akwenczerwonak.pl/,,Nowy,Nieznany,,,,,,,
Boisko — piłka nożna,,Poznań,,piłka nożna,61 877 23 29,,https://posir.poznan.pl/obiekty/mos/,,Nowy,Nieznany,,,,,,,
Boisko — piłka nożna,,Poznań,,piłka nożna,61 833 05 11,,http://www.chwialka.poznan.pl/,,Nowy,E-mail,,,,,,Rezerwacje boisk prowadzone są przez e-mail na adres podany w kontakcie obiektu.,
Boisko — piłka nożna,,Poznań,,piłka nożna,61 650 95 20,,http://www.sksunia.pl/,,Nowy,Telefon,,,,,,"Rezerwacje możliwe telefonicznie pod numerem 799 070 039 lub mailowo na adres klub@sksunia.pl, brak widocznego systemu online.",
Boisko — piłka nożna,,Poznań,,piłka nożna,669 991 624,,http://www.ocs.oborniki.pl/,,Nowy,Nieznany,,,,,,"Strona zawiera sekcję ""Rezerwacje Bowling - Squash"" ale bez dostępnego linku lub szczegółów dotyczących systemu rezerwacji dla boiska do piłki nożnej.",
Boisko — piłka nożna,,Poznań,,piłka nożna,,,https://osirmosina.pl/index.php/boiska/,,Nowy,Nieznany,,,,,,,
Boisko — piłka nożna,,Poznań,,piłka nożna,61 650 95 20,,http://www.sksunia.pl/,,Nowy,Telefon,,,,,,"Rezerwacje możliwe telefonicznie pod numerem 799 070 039 lub mailowo na adres klub@sksunia.pl, brak widocznego systemu online.",
Boisko — piłka nożna,,Poznań,,piłka nożna,,,https://posir.poznan.pl/obiekty/kasprowicza/hala-sportow-walki,,Nowy,Telefon,,,,,,Rezerwacje przyjmowane telefonicznie na numer 61 835 79 00 (centrala) lub 61 835 79 01 (sekretariat); brak informacji o systemie online.,
Boisko — piłka nożna,,Poznań,,piłka nożna,61 877 23 29,,https://posir.poznan.pl/obiekty/mos/,,Nowy,Nieznany,,,,,,,
Boisko — piłka nożna,,Poznań,,piłka nożna,61 292 14 85,,http://csszamotuly.pl/,,Nowy,Nieznany,,,,,,,
Boisko — piłka nożna,,Poznań,,piłka nożna,506 042 344,,https://www.posir.poznan.pl/obiekty/rataje/korty-tenisowe,,Nowy,Nieznany,,,,,,,
Boisko — piłka nożna,,Poznań,,piłka nożna,61 814 82 62,osrodekrataje@posir.poznan.pl,https://gosir.dopiewo.pl/,,Nowy,Nieznany,,,,,,"Strona GOSiR Dopiewo zawiera informacje o obiektach sportowych, ale nie zawiera jasnych informacji o systemie rezerwacji dla ""Boiska sportowego"". Brak widocznych linków do formularzy rezerwacji, zewnętrznych platform (Hally, Booksy) lub instrukcji dotyczących sposobu rezerwacji.",
Boisko — piłka nożna,,Poznań,,piłka nożna,721 785 903,osrodekrataje@posir.poznan.pl,http://www.kkssportywalki.pl/,,Nowy,E-mail,,,,,,Rezerwacje odbywają się poprzez kontakt e-mail (klub@kkssportywalki.pl) - należy napisać do klubu i umówić się na zajęcia.,
Boisko — piłka nożna · beton,,Poznań,,piłka nożna,61 285 23 74,,https://www.orlik2012.pl/index.php/znajdz-orlika/sroda-wielkopolska-ul-lipowa-9,,Nowy,Nieznany,,,,,,"Strona domeny jest niedostępna - wyświetlana jest tylko strona rejestratora Aftermarket.pl informująca o zarejestrowaniu domeny, bez dostępu do rzeczywistej treści serwisu obiektu sportowego.",
Boisko — piłka nożna · sztuczna trawa,,Poznań,,piłka nożna,880 562 845,,http://www.centrumplek.pl/,,Nowy,Zewnętrzny,,,,,,"Rezerwacje boisk realizowane za pośrednictwem aplikacji Playtomic - system zewnętrzny do sprawdzenia dostępności, wyboru terminu i godziny.",
Boisko — piłka nożna · sztuczna trawa,,Poznań,,piłka nożna,506 042 344,,https://www.posir.poznan.pl/obiekty/rataje/korty-tenisowe,,Nowy,Zewnętrzny,,,,,,"Rezerwacje możliwe mailowo, telefonicznie, przez aplikację Playmore oraz na stronie https://playmore.pl/reservation/87/courts; stałe rezerwacje sezonowe przyjmowane mailowo.",
Boisko — piłka nożna · sztuczna trawa,,Poznań,,piłka nożna,61 833 05 11,,http://chwialka.poznan.pl/,,Nowy,Nieznany,,,,,,"Strona zawiera kontakt i e-mail do rezerwacji, ale brak bezpośredniego linku do systemu rezerwacji dla boiska piłkarskiego na sztucznej trawie.",
Boisko — piłka nożna · sztuczna trawa,,Poznań,,piłka nożna,61 892 65 35,,http://gos.suchylas.pl/,,Nowy,Nieznany,,,,,,,
Boisko — piłka nożna · sztuczna trawa,,Poznań,,piłka nożna,61 892 62 70,,http://octopus.suchylas.pl/,,Nowy,Nieznany,,,,,,,
Boisko — piłka nożna · sztuczna trawa,,Poznań,,piłka nożna,,,https://posir.poznan.pl/obiekty/kasprowicza/hala-sportow-walki,,Nowy,Telefon,,,,,,Rezerwacje przyjmowane telefonicznie na numer 61 835 79 00 (centrala) lub 61 835 79 01 (sekretariat); brak informacji o systemie online.,
Boisko — piłka nożna · sztuczna trawa,,Poznań,,piłka nożna,+48 616652717,osrodekrataje@posir.poznan.pl,https://cspp.put.poznan.pl/obiekty-sportowe/boisko-do-pilki-noznej-miedzy-ds-3-a-ds4,,Nowy,Nieznany,,,,,,,
Boisko — piłka nożna · sztuczna trawa,,Poznań,,piłka nożna,61 812 14 04,,http://www.akwenczerwonak.pl/,,Nowy,Nieznany,,,,,,,
Boisko — piłka nożna · trawa naturalna,Jagiellońskie,ul. Sportowa,63-000,piłka nożna,61 285 25 20,,,,Nowy,Nieznany,,,,,,,
Boisko — piłka nożna · trawa naturalna,,Poznań,,piłka nożna,,,http://kleszczewo.pl/boiska-sportowe,,Nowy,Nieznany,,,,,,,
Boisko — piłka nożna · trawa naturalna,,Poznań,,piłka nożna,61 646 01 62,,https://akwenczerwonak.pl/boiska-sportowe/,,Nowy,Nieznany,,,,,,,
Boisko — piłka nożna · trawa naturalna,,Poznań,,piłka nożna,721 785 903,,http://www.kkssportywalki.pl/,,Nowy,E-mail,,,,,,Rezerwacje odbywają się poprzez kontakt e-mail (klub@kkssportywalki.pl) - należy napisać do klubu i umówić się na zajęcia.,
Boisko — piłka nożna · trawa naturalna,,Poznań,,piłka nożna,61 892 65 35,,http://gos.suchylas.pl/,,Nowy,Nieznany,,,,,,,
Boisko — piłka nożna · trawa naturalna,,Poznań,,piłka nożna,61 646 01 62,,https://akwenczerwonak.pl/boiska-sportowe/,,Nowy,Nieznany,,,,,,,
Boisko — piłka nożna · trawa naturalna,,Poznań,,piłka nożna,61 650 95 20,,http://www.sksunia.pl/,,Nowy,Telefon,,,,,,"Rezerwacje możliwe telefonicznie pod numerem 799 070 039 lub mailowo na adres klub@sksunia.pl, brak widocznego systemu online.",
Boisko — piłka nożna · trawa naturalna,,Poznań,,piłka nożna,61 833 05 11,,http://www.chwialka.poznan.pl/,,Nowy,E-mail,,,,,,"Rezerwacje boiska przyjmowane drogą e-mail - strona zawiera odnośnik ""e-mail/rezerwacja torów basenowych"" oraz ogólne adresy e-mail POSiR-u dla rezerwacji.",
Boisko — piłka nożna · trawa naturalna,,Poznań,,piłka nożna,61 285 23 74,,https://www.orlik2012.pl/index.php/znajdz-orlika/sroda-wielkopolska-ul-lipowa-9,,Nowy,Nieznany,,,,,,Strona domeny orlik2012.pl jest niedostępna - wyświetla tylko stronę rejestratora Aftermarket.pl. Nie można określić sposobu rezerwacji obiektu sportowego.,
Boisko — piłka nożna · trawa naturalna,,Poznań,,piłka nożna,61 646 01 62,,https://akwenczerwonak.pl/boiska-sportowe/,,Nowy,Nieznany,,,,,,,
Boisko — piłka ręczna,,Poznań,,piłka ręczna,61 814 82 62,,https://gosir.dopiewo.pl/,,Nowy,Nieznany,,,,,,,
Boisko — piłka ręczna · tartan / asfalt,,Poznań,,piłka ręczna,61 872 73 03,,http://www.kleszczewo.pl/page.php?o=592,,Nowy,Nieznany,,,,,,,
Boisko — siatkówka,Golęcin,ul. Wincentego Witosa,60-627,siatkówka,61 846 62 50,,https://sparrow.up.poznan.pl/ckf/,,Nowy,Zewnętrzny,,,,,,Rezerwacje boisk do siatkówki plażowej online za pośrednictwem systemu Bo5.pl z możliwością zapłaty online.,
Boisko — siatkówka,,Poznań,,siatkówka,61 846 62 50,,https://sparrow.up.poznan.pl/ckf/,,Nowy,Zewnętrzny,,,,,,Rezerwacja boisk do siatkówki plażowej online za pośrednictwem systemu Bo5.pl z możliwością opłaty online.,
Boisko — siatkówka,,Poznań,,siatkówka,33 385 23 56,,http://www.akwenczerwonak.pl/,,Nowy,Nieznany,,,,,,,
Boisko — siatkówka · sztuczna trawa,,Poznań,,siatkówka,,,https://posir.poznan.pl/obiekty/kasprowicza/hala-sportow-walki,,Nowy,Telefon,,,,,,Rezerwacje przyjmowane telefonicznie na numer 61 835 79 00 (centrala) lub 61 835 79 01 (sekretariat); brak informacji o systemie online.,
Boisko do piłki nożnej,,"Krajenecka, 60-101 Poznań, Polska",,piłka nożna,,,https://boisko.osiedlestrzeszyn.pl/,Rada Osiedla Strzeszyn,Nowy,Własny system,,,,,,"Boisko do piłki nożnej na ul. Krajeneckiej w Poznaniu zarządz

ane przez Radę Osiedla Strzeszyn. Rezerwacje można dokonywać za pośrednictwem dedykowanego systemu online dostępnego na stronie boisko.osiedlestrzeszyn.pl. Obiekty są dostępne dla publiczności poprzez system rezerwacji własny operator.",
Boisko Grunwald,,"ul. Grunwaldzka 22, 60-782 Poznań",,koszykówka / piłka nożna,,,"https://playarena.pl/4809,obiekty_i_boiska,sportowe,poznan,stanislawa.html",,Nowy,Brak / z marszu,,,,,,"Boisko Orlik Arena na Playarena.pl to platforma do organizowania amatorskich rozgrywek piłkarskich za darmo - użytkownicy mogą się rejestrować i dołączać do meczów, ale nie ma dedykowanego systemu rezerwacji boiska.",
Boisko Orlik Jeżyce,Sołacz,"ul. Kościelna 74, 60-538 Poznań",60-605,piłka nożna / koszykówka,"517 498 017, 61 662 18 37, 61 867 33 40",,https://sp74.pl,Szkoła Podstawowa nr 74 w Poznaniu,Nowy,Telefon,,,,,,"Boisko Orlik Jeżyce na terenie Szkoły Podstawowej nr 74 w Poznaniu to kompleks sportowy oferujący boiska do piłki nożnej, koszykówki i siatkówki. Zarządza nim szkoła podstawowa. Rezerwacje odbywają się telefonicznie pod numerami szkoły: 517 498 017, 61 662 18 37 lub 61 867 33 40. Sekretariat czynny w poniedziałek 8:00-15:00, wtorek 8:00-9:30, środę 8:00-15:00, czwartek 8:00-15:00, piątek 8:00-9:30.",
Boisko Park Sołacki,,"ul. Niegolewskich, 60-365 Poznań",,piłka nożna / siatkówka,61 846 62 50,,https://sparrow.up.poznan.pl/ckf/,,Nowy,Zewnętrzny,,,,,,Rezerwacje boisk do siatkówki plażowej dokonywane online poprzez platformę Bo5.pl wraz z opłatą.,
Boisko Przepadek,Stare Miasto,"Aleja Armii Poznań, 15, Poznań",61-711,wielofunkcyjne,61 853 03 60,,http://www.poznanazs.pl/,,Nowy,Nieznany,,,,,,Strona główna AZS Poznań nie zawiera informacji o systemie rezerwacji dla boiska do piłki nożnej - brak szczegółów dotyczących procesu rezerwacji.,
Boisko sportowe,,Poznań,,wielofunkcyjne,61 816 60 86,,http://www.osir.pl/,,Nowy,Nieznany,,,,,,,
Boisko sportowe,Stare Miasto,ul. Kazimierza Pułaskiego,61-705,wielofunkcyjne,61 853 03 60,,http://www.poznanazs.pl/,,Nowy,Nieznany,,,,,,"Strona główna AZS Poznań nie zawiera informacji o systemie rezerwacji obiektu Boisko Przepadek. Dostępne są jedynie informacje o organizacji, aktualności sportowe i zdarzenia.",
Boisko sportowe,Ostrów Tumski-Śródka-Zawady-Komandoria,ul. Andrzeja Łaskarza,61-118,wielofunkcyjne,669 434 540,,,,Nowy,Nieznany,,,,,,,
Boisko sportowe,Ostrów Tumski-Śródka-Zawady-Komandoria,ul. Andrzeja Łaskarza,61-118,wielofunkcyjne,669 434 540,,,,Nowy,Nieznany,,,,,,,
Boisko sportowe,Rataje,ul. Rataje,61-168,wielofunkcyjne,506 042 344,,https://www.posir.poznan.pl/obiekty/rataje/korty-tenisowe,,Nowy,Zewnętrzny,,,,,,"Rezerwacje można dokonywać mailowo, telefonicznie, przez aplikację Playmore lub na stronie https://playmore.pl/reservation/87/courts; stałe rezerwacje na sezon letni przyjmowane są mailowo.",
Boisko sportowe,,ul. Szkolna,61-050,wielofunkcyjne,,,http://www.osirmosina.pl/,,Nowy,Telefon,,,,,,Rezerwacje przyjmowane telefonicznie pod numerem +48 61 813 29 03 lub +48 61 101 95 66; brak online systemu rezerwacji na stronie.,
Boisko sportowe,,ul. Ignacego Krasickiego,62-050,wielofunkcyjne,61 101 95 66,,http://osirmosina.pl/,,Nowy,Telefon,,,,,,Rezerwacje przyjmowane telefonicznie pod numerem +48 61 101 95 66 lub +48 61 813 29 03; brak widocznego systemu online ani zewnętrznej platformy rezerwacyjnej.,
Boisko sportowe,,ul. Kościelna,62-081,wielofunkcyjne,61 816 22 15,,http://www.osir.pl/obiekty/przezmierowo,,Nowy,Telefon,,,,,,"Rezerwacje przyjmowane telefonicznie u kierownika obiektu (698 097 941) lub poprzez portalnię (601 953 008), oraz mailowo na adres t.kosicki@osir.pl",
Boisko sportowe,Ostrów Tumski-Śródka-Zawady-Komandoria,ul. Andrzeja Łaskarza,61-118,wielofunkcyjne,669 434 540,,,,Nowy,Nieznany,,,,,,,
Boisko sportowe,Grunwald,ul. Marcina Kasprzaka,60-216,wielofunkcyjne,602 114 082,,,,Nowy,Nieznany,,,,,,,
Boisko sportowe,Osiedle Przyjaźni,ul. Szarych Szeregów,64-320,wielofunkcyjne,61 814 91 40,,http://www.osir-buk.pl/,,Nowy,Nieznany,,,,,,"Strona zawiera informacje o obiektach sportowych OSiR Buk oraz harmonogram wynajmu i cennik, ale nie zawiera konkretnych informacji o systemie rezerwacji lub linku do formularza rezerwacji.",
Boisko sportowe,,ul. Młynkowska,64-550,wielofunkcyjne,453 674 294,,,,Nowy,Nieznany,,,,,,,
Boisko sportowe,Śródka,ul. Księdza Bolesława Sulka,61-127,wielofunkcyjne,61 877 23 29,,https://posir.poznan.pl/obiekty/mos/,,Nowy,Telefon,,,,,,"Rezerwacje wyłącznie telefoniczne: tel./fax 61 877 23 29 lub kontakt mailowy, bez systemu online ani zewnętrznej platformy rezerwacyjnej.",
Boisko sportowe,Golęcin,ul. Niestachowska,60-545,wielofunkcyjne,61 840 68 72,,https://posir.poznan.pl/obiekty/golecin/boiska-pilkarskie,,Nowy,Telefon,,,,,,Rezerwacje przyjmowane telefonicznie pod numerem 61 840 68 72 (Oddział Golęcin) lub poprzez e-mail; dostępne są kalendarze dostępności do pobrania dla poszczególnych boisk.,
Boisko sportowe,Golęcin,ul. Warmińska,60-622,wielofunkcyjne,61 840 68 72,,https://posir.poznan.pl/obiekty/golecin/boiska-pilkarskie,,Nowy,Zewnętrzny,,,,,,"Rezerwacje boisk piłkarskich w Golęcinie odbywa się poprzez kontakt z Oddziałem Golęcin (telefon: 61 840 68 72, e-mail) lub poprzez system dostępności dostępny na stronie.",
Boisko sportowe,,Poznań,,wielofunkcyjne,61 840 68 72,,https://posir.poznan.pl/obiekty/golecin/boiska-pilkarskie,,Nowy,Zewnętrzny,,,,,,Rezerwacja boisk piłkarskich w Golęcinie odbywa się poprzez zewnętrzną platformę - link do systemu rezerwacji znajduje się na stronie obiektu.,
Boisko sportowe,,Poznań,,wielofunkcyjne,880 562 845,,http://www.centrumplek.pl/,,Nowy,Zewnętrzny,,,,,,"Rezerwacje boisk i kortów odbywają się wyłącznie poprzez aplikację Playtomic, gdzie można sprawdzić dostępność, wybrać termin i godzinę gry.",
Boisko sportowe,,Poznań,,wielofunkcyjne,61 840 68 72,,http://golecin.poznan.pl/,,Nowy,Nieznany,,,,,,,
Boisko sportowe,,Poznań,,wielofunkcyjne,880 562 845,,http://www.centrumplek.pl/,,Nowy,Zewnętrzny,,,,,,"Rezerwacje odbywają się przez aplikację Playtomic, gdzie można sprawdzić dostępność, wybrać termin i godzinę gry na kortach padel i boisku do piłki nożnej.",
Boisko sportowe,,Poznań,,wielofunkcyjne,506 699 267,,http://www.arenadebiec.pl/,,Nowy,Nieznany,,,,,,"Strona zawiera informacje o możliwości rezerwacji boiska, ale nie dostarcza bezpośredniego linku do systemu rezerwacji. Kontakt możliwy przez telefon (+48 506 699 267, +48 508 670 310) lub e-mail (kontakt@arenadebiec.pl).",
Boisko sportowe,,Poznań,,wielofunkcyjne,506 699 267,,http://www.arenadebiec.pl/,,Nowy,Nieznany,,,,,,"Strona zawiera informacje o możliwości rezerwacji boiska, ale nie dostarcza bezpośredniego linku do systemu rezerwacji. Kontakt możliwy przez telefon (+48 506 699 267, +48 508 670 310) lub e-mail (kontakt@arenadebiec.pl).",
Boisko sportowe,,Poznań,,wielofunkcyjne,506 699 267,,http://www.arenadebiec.pl/,,Nowy,Nieznany,,,,,,"Strona zawiera informacje o możliwości rezerwacji boiska, ale nie dostarcza bezpośredniego linku do systemu rezerwacji. Kontakt możliwy przez telefon (+48 506 699 267, +48 508 670 310) lub e-mail (kontakt@arenadebiec.pl).",
Boisko sportowe,,Poznań,,wielofunkcyjne,61 650 95 20,,http://www.sksunia.pl/,,Nowy,E-mail,,,,,,"Rezerwacje prowadzone poprzez kontakt e-mail (klub@sksunia.pl) lub telefon (799 070 039), brak dedykowanego systemu online.",
Boisko sportowe,,"Kościelna, 46/48, Przeźmierowo",62-081,wielofunkcyjne,61 816 22 15,,http://www.osir.pl/obiekty/przezmierowo,,Nowy,E-mail,,,,,,"Rezerwacje odbywają się telefonicznie lub mailowo — wszystkie obiekty (hala, boisko, sale, korty, siłownia) wymagają kontaktu z kierownikiem Tomaszem Kosickim na numer kom. 698 097 941 lub e-mail t.kosicki@osir.pl.",
Boisko sportowe,,Poznań,,wielofunkcyjne,61 846 62 50,,https://sparrow.up.poznan.pl/ckf/,,Nowy,Zewnętrzny,,,,,,Rezerwacje boisk do siatkówki plażowej odbywają się online za pośrednictwem platformy Bo5.pl wraz z możliwością opłaty online.,
Boisko sportowe,,Poznań,,wielofunkcyjne,61 846 62 50,,https://sparrow.up.poznan.pl/ckf/,,Nowy,Zewnętrzny,,,,,,Rezerwacje boisk do siatkówki plażowej odbywają się za pośrednictwem platformy Bo5.pl z możliwością opłaty online.,
Boisko sportowe,,Poznań,,wielofunkcyjne,509 581 555,,https://puszczykowo.pl/sport/hala-widowiskowo-sportowa,,Nowy,Telefon,,,,,,Rezerwacje przyjmowane telefonicznie u kierownika hali Przemysława Hejnowicza pod numerem 509 581 555.,
Boisko sportowe,,Poznań,,wielofunkcyjne,669 991 624,,http://www.ocs.oborniki.pl/,,Nowy,Nieznany,,,,,,"Strona zawiera sekcję ""Rezerwacje Bowling - Squash"" oraz formularz kontaktowy, ale nie podaje szczegółowych informacji o systemie rezerwacji ani linku do platformy rezerwacyjnej.",
Boisko sportowe,,Poznań,,wielofunkcyjne,602 114 082,,,,Nowy,Nieznany,,,,,,,
Boisko sportowe,,Poznań,,wielofunkcyjne,669 991 624,,http://www.ocs.oborniki.pl/,,Nowy,Nieznany,,,,,,"Strona zawiera sekcję ""Rezerwacje Bowling - Squash"" oraz formularz kontaktowy, ale nie podaje szczegółowych informacji o systemie rezerwacji ani linku do platformy rezerwacyjnej.",
Boisko sportowe,,Poznań,,wielofunkcyjne,61 853 03 60,,http://www.poznanazs.pl/,,Nowy,Nieznany,,,,,,"Strona główna AZS Poznań nie zawiera informacji o systemie rezerwacji obiektu Boisko Przepadek. Dostępne są jedynie informacje o organizacji, aktualności sportowe i zdarzenia.",
Boisko sportowe,,Poznań,,wielofunkcyjne,61 292 15 79,,,,Nowy,Nieznany,,,,,,,
Boisko sportowe,,Poznań,,wielofunkcyjne,61 292 15 79,,,,Nowy,Nieznany,,,,,,,
Boisko sportowe,,Poznań,,wielofunkcyjne,61 866 23 45,,https://arenapoznan.pl/,,Nowy,Nieznany,,,,,,"Strona Arena Poznań nie zawiera informacji o systemie rezerwacji. Hala jest w trakcie modernizacji, a na stronie brak sekcji dotyczącej rezerwacji boisk lub pomieszczeń.",
Boisko sportowe,,Poznań,,wielofunkcyjne,61 877 23 29,,https://posir.poznan.pl/obiekty/mos/stadion-pilkarski-przy-ul-harcerskiej,,Nowy,Telefon,,,,,,"Rezerwacje prowadzone wyłącznie telefonicznie lub mailowo - kontakt: Młodzieżowy Ośrodek Sportowy, tel. 61 877 23 29, e-mail dostępny na stronie, godziny: pn-pt 7:30-15:00.",
Boisko sportowe,,Poznań,,wielofunkcyjne,61 101 95 66,,http://osirmosina.pl/,,Nowy,Telefon,,,,,,"Rezerwacje przyjmowane telefonicznie: +48 61 813 29 03 lub +48 61 101 95 66. Strona zawiera informacje o wynajmie hal i pól sportowych, ale brak własnego systemu rezerwacji online.",
Boisko sportowe,,"Osiedle Piastowskie, 106a, Poznań",61-164,wielofunkcyjne,506 042 344,,https://www.posir.poznan.pl/obiekty/rataje/korty-tenisowe,,Nowy,Zewnętrzny,,,,,,"Rezerwacje można dokonywać mailowo, telefonicznie, przez aplikację Playmore oraz na stronie https://playmore.pl/reservation/87/courts; stałe rezerwacje sezonowe przyjmowane wyłącznie mailowo.",
Boisko sportowe,,Poznań,,wielofunkcyjne,61 853 03 60,,http://www.poznanazs.pl/,,Nowy,Nieznany,,,,,,Strona główna AZS Poznań nie zawiera informacji o systemie rezerwacji dla boiska do piłki nożnej - brak szczegółów dotyczących procesu rezerwacji.,
Boisko sportowe,,Poznań,,wielofunkcyjne,61 877 53 79,,http://www.csmarcelin.ataner.pl/,,Nowy,Własny system,,,,,,"Obiekt posiada własny system rezerwacji online dostępny na stronie www.csmarcelin.ataner.pl, gdzie uczestnicy logują się za pomocą numeru mieszkania/lokalu i hasła przypisanego do ich karty, a następnie rezerwują terminy z kalendarza Sali Gimnastycznej i Boiska Zewnętrznego.",
Boisko sportowe,,Poznań,,wielofunkcyjne,506 699 267,,http://www.arenadebiec.pl/,,Nowy,Nieznany,,,,,,"Strona zawiera informacje o możliwości rezerwacji boiska, ale nie dostarcza bezpośredniego linku do systemu rezerwacji. Kontakt możliwy przez telefon (+48 506 699 267, +48 508 670 310) lub e-mail (kontakt@arenadebiec.pl).",
Boisko sportowe,,Poznań,,wielofunkcyjne,,,http://www.osir.pobiedziska.pl/,,Nowy,Telefon,,,,,,"Rezerwacje odbywają się wyłącznie telefonicznie pod numerami podanymi dla poszczególnych obiektów (Hala Sportowa/siłownia/korty tenisowe: 798 514 013, Stadion Miejski/Orlik: 501 379 815) lub biuro w godz. 8:00-16:00: 513 270 075.",
Boisko sportowe,,Poznań,,wielofunkcyjne,61 835 50 00,,http://awf.poznan.pl/,,Nowy,Nieznany,,,,,,,
Boisko sportowe,,Poznań,,wielofunkcyjne,669 434 540,,,,Nowy,Nieznany,,,,,,,
Boisko sportowe,,Poznań,,wielofunkcyjne,,,https://osirmosina.pl/index.php/boiska/,,Nowy,Nieznany,,,,,,,
Boisko sportowe,,Poznań,,wielofunkcyjne,,,https://osirmosina.pl/index.php/boiska/,,Nowy,Nieznany,,,,,,,
Boisko sportowe,,"Kazimierza Pułaskiego, 30, Poznań",60-607,wielofunkcyjne,61 853 03 60,,http://www.poznanazs.pl/,,Nowy,Nieznany,,,,,,Strona główna AZS Poznań nie zawiera informacji o systemie rezerwacji dla boiska do piłki nożnej - brak szczegółów dotyczących procesu rezerwacji.,
Boisko sportowe,,Poznań,,wielofunkcyjne,61 646 01 62,,https://akwenczerwonak.pl/boiska-sportowe/,,Nowy,Nieznany,,,,,,,
Boisko sportowe,,Poznań,,wielofunkcyjne,61 835 50 00,,http://awf.poznan.pl/,,Nowy,Nieznany,,,,,,"Strona główna AWF Poznań - uczelnia akademicka. Brak informacji o systemie rezerwacji boisk sportowych. Widoczny link ""Wynajem obiektów"" w menu, ale bez dostępu do szczegółów rezerwacji.",
Boisko sportowe,,Poznań,,wielofunkcyjne,61 812 14 04,,http://www.akwenczerwonak.pl/,,Nowy,Nieznany,,,,,,,
Boisko sportowe,,Poznań,,wielofunkcyjne,453 674 294,,,,Nowy,Nieznany,,,,,,,
Boisko sportowe,,Poznań,,wielofunkcyjne,61 292 14 85,,http://csszamotuly.pl/,,Nowy,Nieznany,,,,,,"Strona główna nie zawiera informacji o systemie rezerwacji; wymaga przeanalizowania podstron poświęconych ""Boiska piłkarskie"".",
Boisko sportowe,,Poznań,,wielofunkcyjne,61 101 95 66,,http://osirmosina.pl/,,Nowy,Telefon,,,,,,Rezerwacje przyjmowane telefonicznie pod numerem +48 61 101 95 66 lub +48 61 813 29 03; brak widocznego systemu online ani zewnętrznej platformy rezerwacyjnej.,
Boisko sportowe,,Poznań,,wielofunkcyjne,,,http://www.osirmosina.pl/,,Nowy,Telefon,,,,,,Rezerwacje przyjmowane telefonicznie pod numerem +48 61 813 29 03 lub +48 61 101 95 66; brak online systemu rezerwacji na stronie.,
Boisko sportowe,,Poznań,,wielofunkcyjne,61 833 05 11,,http://www.chwialka.poznan.pl/,,Nowy,E-mail,,,,,,"Rezerwacje boisk treningowych odbywają się przez e-mail (podany adres e-mail do rezerwacji), rezerwacje hal sportowych kierowane są do kierownika obiektu.",
Boisko sportowe,,Poznań,,wielofunkcyjne,61 833 05 11,,http://www.chwialka.poznan.pl/,,Nowy,E-mail,,,,,,Rezerwacje boisk odbywają się drogą e-mail na adres podany na stronie oraz poprzez kontakt telefoniczny z kierownikiem obiektu.,
Boisko sportowe,,Poznań,,wielofunkcyjne,61 877 53 79,,http://www.csmarcelin.ataner.pl/,,Nowy,Nieznany,,,,,,,
Boisko sportowe,,Poznań,,wielofunkcyjne,61 877 53 79,,http://www.csmarcelin.ataner.pl/,,Nowy,Nieznany,,,,,,,
Boisko sportowe,,Poznań,,wielofunkcyjne,61 877 53 79,,http://www.csmarcelin.ataner.pl/,,Nowy,Nieznany,,,,,,,
Boisko sportowe,,Poznań,,wielofunkcyjne,61 876 60 11,,http://www.malta.poznan.pl/,,Nowy,Nieznany,,,,,,,
Boisko sportowe,,Poznań,,wielofunkcyjne,61 646 01 62,,https://akwenczerwonak.pl/boiska-sportowe/,,Nowy,Nieznany,,,,,,,
Boisko sportowe,,Poznań,,wielofunkcyjne,61 830 09 99,,https://sport-beauty.pl/,,Nowy,Nieznany,,,,,,,
Boisko sportowe,,Poznań,,wielofunkcyjne,61 830 09 99,,https://sport-beauty.pl/,,Nowy,Nieznany,,,,,,,
Boisko sportowe,,Poznań,,wielofunkcyjne,609 499 560,,http://gostir-kostrzyn.pl/,,Nowy,Nieznany,,,,,,,
Boisko sportowe,,Poznań,,wielofunkcyjne,61 285 23 74,,https://www.orlik2012.pl/index.php/znajdz-orlika/sroda-wielkopolska-ul-lipowa-9,,Nowy,Nieznany,,,,,,Strona domeny orlik2012.pl jest niedostępna - wyświetla tylko stronę rejestratora Aftermarket.pl. Nie można określić sposobu rezerwacji obiektu sportowego.,
Boisko sportowe,,Poznań,,wielofunkcyjne,61 877 53 79,,http://www.csmarcelin.ataner.pl/,,Nowy,Własny system,,,,,,"Rezerwacje poprzez własny system online - zalogowanie za pomocą numeru lokalu/mieszkania i hasła, wybór obiektu (Sala Gimnastyczna lub Boisko Zewnętrzne) i kliknięcie wybranego terminu w kalendarzu.",
Boisko sportowe,,Poznań,,wielofunkcyjne,61 853 03 60,,http://www.poznanazs.pl/,,Nowy,Nieznany,,,,,,,
Boisko sportowe,,Poznań,,wielofunkcyjne,721 785 903,,http://www.kkssportywalki.pl/,,Nowy,Nieznany,,,,,,,
Boisko sportowe,,Poznań,,wielofunkcyjne,61 814 82 62,osrodekrataje@posir.poznan.pl,https://gosir.dopiewo.pl/,,Nowy,Nieznany,,,,,,"Strona GOSiR Dopiewo zawiera informacje o obiektach sportowych, ale nie zawiera jasnych informacji o systemie rezerwacji dla ""Boiska sportowego"". Brak widocznych linków do formularzy rezerwacji, zewnętrznych platform (Hally, Booksy) lub instrukcji dotyczących sposobu rezerwacji.",
Boisko sportowe,,Poznań,,wielofunkcyjne,,,https://posir.poznan.pl/obiekty/kasprowicza/hala-sportow-walki,,Nowy,Nieznany,,,,,,,
Boisko sportowe,,Poznań,,wielofunkcyjne,61 829 64 01,,http://swfis.amu.edu.pl/,,Nowy,Nieznany,,,,,,,
Boisko sportowe,,Poznań,,wielofunkcyjne,61 840 68 72,,https://posir.poznan.pl/obiekty/golecin/boiska-pilkarskie,,Nowy,Nieznany,,,,,,,
Boisko sportowe,,Poznań,,wielofunkcyjne,61 840 68 72,,http://golecin.poznan.pl/,,Nowy,Nieznany,,,,,,,
Boisko sportowe,,Poznań,,wielofunkcyjne,506 699 267,,http://www.arenadebiec.pl/,,Nowy,Nieznany,,,,,,"Na stronie pojawia się sekcja ""Rezerwacja"" z informacją o możliwości wynajęcia boiska w wybranym terminie, jednak brak konkretnego linku do systemu rezerwacji - możliwe rezerwacje poprzez kontakt telefoniczny lub e-mail.",
Boisko sportowe,,Poznań,,wielofunkcyjne,506 699 267,,http://www.arenadebiec.pl/,,Nowy,Nieznany,,,,,,"Na stronie pojawia się sekcja ""Rezerwacja"" z informacją o możliwości wynajęcia boiska w wybranym terminie, jednak brak konkretnego linku do systemu rezerwacji - możliwe rezerwacje poprzez kontakt telefoniczny lub e-mail.",
Boisko sportowe · beton,Świdlin,ul. Tenisowa,64-500,wielofunkcyjne,61 292 14 85,,http://csszamotuly.pl/,,Nowy,Nieznany,,,,,,"Strona główna nie zawiera informacji o systemie rezerwacji; wymaga przeanalizowania podstron poświęconych ""Boiska piłkarskie"".",
Boisko sportowe · mączka ceglana,,Poznań,,wielofunkcyjne,61 833 05 11,,http://www.chwialka.poznan.pl/,,Nowy,E-mail,,,,,,Rezerwacje boisk sportowych przyjmowane są mailowo na adres e-mail podany na stronie (rezerwacja torów basenowych i hal sportowych).,
Boisko sportowe · mączka ceglana,,Poznań,,wielofunkcyjne,61 835 50 00,,http://awf.poznan.pl/,,Nowy,E-mail,,,,,,Rezerwacje boisk treningowych odbywają się poprzez e-mail (adres e-mail dostępny w sekcji kontaktu obiektu Chwiałka).,
Boisko sportowe · tartan / asfalt,,Poznań,,wielofunkcyjne,61 877 53 79,,http://www.csmarcelin.ataner.pl/,,Nowy,Własny system,,,,,,"Rezerwacje poprzez własny system online - strona internetowa www.csmarcelin.ataner.pl oraz Kiosk (terminal) w Centrum Sportowym, dostęp poprzez login (nr lokalu/mieszkania) i hasło.",
Boisko sportowe · tartan / asfalt,,Poznań,,wielofunkcyjne,61 812 14 04,,http://www.akwenczerwonak.pl/,,Nowy,Nieznany,,,,,,,
Centrum Kultury Fizycznej. Uniwersytet Przyrodniczy w Poznaniu,,"Dojazd 7, 60-995 Poznań, Polska",,piłka nożna / futsal / siatkówka / siatkówka plażowa / piłka ręczna / inne,61 846 62 50,ckf@up.poznan.pl,https://sparrow.up.poznan.pl/ckf/,Uniwersytet Przyrodniczy w Poznaniu,Nowy,Zewnętrzny,,,,,,"Centrum Kultury Fizycznej przy Uniwersytecie Przyrodniczym w Poznaniu (ul. Dojazd 7) to wielofunkcyjny kompleks sportowy oferujący halę sportową dostosowaną do różnych dyscyplin (piłka nożna, futsal, siatkówka, koszykówka, piłka ręczna), korty tenisowe, siłownię, sale fitness i spinning, oraz boiska do siatkówki plażowej. Obiektem zarządza Uniwersytet Przyrodniczy. Rezerwacje boisk oraz siatkówki plażowej można dokonywać online poprzez system Bo5.pl. Kontakt: tel. +48-61-846-6250, e-mail: ckf@up.poznan.pl. Godziny otwarcia siłowni: pn-pt 17:00-21:30, sob-nd 10:00-21:30.",
Centrum Sportowe UM,,"Marcelińska, 25, Poznań",,wielofunkcyjne,61 844 52 10,studiumwfis@ump.edu.pl,https://swfis.ump.edu.pl/,Uniwersytet Medyczny im. Karola Marcinkowskiego w Poznaniu,Nowy,Telefon,,,,,,"Pod adresem ul. Marcelińskiej 25, 60-802 Poznań znajduje się Studium Wychowania Fizycznego i Sportu (Studium WFiS) Uniwersytetu Medycznego im. Karola Marcinkowskiego. Jest to jednostka akademicka należąca do UMP, prowadząca zajęcia z wychowania fizycznego i sportu dla studentów. Rezerwacje należy realizować telefonicznie lub mailowo bezpośrednio ze studium.",
Centrum Sportu i Rekreacji Stadion Średzki,,Poznań,,wielofunkcyjne,,,https://stadionsredzki.pl,,Nowy,Telefon,,,,,,Rezerwacje przyjmowane telefonicznie pod numerem 61 285 25 20 lub e-mailem na biuro@polonia-sroda.pl. Na stronie nie znaleziono dedykowanego systemu rezerwacji online ani linku do zewnętrznej platformy.,
Centrum Sportu Politechniki Poznańskiej: Hala Sportowa im. Wojciecha Weissa,Święty Roch,"Piotrowo 4, 61-138 Poznań, Polska",61-138,piłka ręczna / futsal / koszykówka / siatkówka / inne,61 665 34 92,cspp@put.poznan.pl,https://cspp.put.poznan.pl/,Politechnika Poznańska,Nowy,Telefon,,,,,,"<cite index=""2-1,2-2"">Centrum Sportu Politechniki Poznańskiej na ul. Piotrowo 4 w Poznaniu</cite> zarządza nowoczesną halą sportową o imienia Wojciecha Weissa. <cite index=""2-4"">Rezerwacje można dokonać telefonicznie pod numery 61 665-25-17 (SWF) i 61 665-27-17 (sala sportowa), mailowo: cspp@put.poznan.pl</cite>, lub <cite index=""6-4,6-5"">dla kortów tenisowych i squash'a pod nr 61 665 34 92, bądź poprzez panel rezerwacyjny na stronie</cite>. <cite index=""2-13"">Obiekt oferuje boiska dla następujących dyscyplin: piłka ręczna, futsal, koszykówka, siatkówka, korfball, badminton, unihokej, tenis.</cite>",
Centrum Treningowe Polonii Środa Wielkopolska,,Poznań,,wielofunkcyjne,,,https://stadionsredzki.pl/centrum-treningowe-polonii/,,Nowy,Telefon,,,,,,Rezerwacje przyjmowane telefonicznie pod numerem 61 285 25 20 lub przez e-mail biuro@polonia-sroda.pl. Dolne boisko jest ogólnodostępne bezpłatnie w godzinach 6:00-22:00 bez rezerwacji.,
CITYZEN,,"Droga Dębińska, 10c, Poznań",61-555,wielofunkcyjne,+48 61 835 50 38,biuro@cityzenklub.pl,https://www.cityzenklub.pl/,,Nowy,Nieznany,,,,,,"Strona główna nie zawiera widocznych informacji o systemie rezerwacji; dostępne są menu nawigacyjne (Pływalnia, Fitness, Programy, Kursy, Półkolonie), ale brak bezpośredniego linku do rezerwacji online lub wskazań jak dokonać booking.",
CITYZEN_,,"Droga Dębińska 10c, 61-555 Poznań, Polska",,wielofunkcyjne,61 833 05 11,"basen@cityzenklub.pl, klubsportowy@cityzenklub.pl",http://www.chwialka.poznan.pl/,Klub Sportowy CITYZEN_ (współwystępuje z Akademią Wychowania Fizycznego AWF Poznań),Nowy,Nieznany,,,,,,,
Concordia,,"Mściszewska, 21, Murowana Goślina",62-095,wielofunkcyjne,61 812 21 20,,https://www.ckis.murowana-goslina.pl/,,Nowy,Nieznany,,,,,,"Brak informacji o systemie rezerwacji na stronie głównej. Konieczna analiza innych sekcji witryny (Kontakt, Sport) w celu weryfikacji dostępnych opcji rezerwacji.",
Cooliozum,,"Święty Marcin 45, 61-806 Poznań, Polska",,piłka nożna / inne,+48 792 881 812,rezerwacje@cooliozum.pl,https://cooliozum.pl,Bar prywatny / sport pub,Nowy,E-mail,,,,,,,
Dawny stadion Energetyka Poznań,,Poznań,,wielofunkcyjne,,,https://posir.poznan.pl/obiekty/kasprowicza/hala-sportow-walki,,Nowy,Telefon,,,,,,Rezerwacje przyjmowane telefonicznie na numer 61 835 79 00 (centrala) lub 61 835 79 01 (sekretariat); brak informacji o systemie online.,
Fabryka Formy Bałtyk,,"Franklina Roosevelta 22, 60-829 Poznań, Polska",,inne,61 646 75 63,baltyk@fabryka-formy.pl,https://www.fabryka-formy.pl,Fabryka Formy sp. z o.o.,Nowy,Własny system,,,,,,"Fabryka Formy Bałtyk to nowoczesny klub fitness zlokalizowany przy ul. Franklina Roosevelta 22 w Poznaniu, zarządzany przez Fabryka Formy sp. z o.o. Obiekt mieści się w biurowcu Bałtyk w centrum miasta, oferuje 2210 m² powierzchni treningowej z pełnym wyposażeniem do fitnessu i treningu. Rezerwacja zajęć oraz zakup karnetu dostępne przez własny system online na stronie fabryka-formy.pl. Kontakt: telefon 61 646 75 63, email baltyk@fabryka-formy.pl.",
Fabryka Formy Korty Arena,,"Reymonta 35, 60-791 Poznań, Polska",,wielofunkcyjne,,,https://posir.poznan.pl/obiekty/kasprowicza/hala-sportow-walki,POSiR (Poznańskie Ośrodki Sportu i Rekreacji),Nowy,Nieznany,,,,,,"Hala POSiR Sporty Walki przy ul. Reymonta 35 w Poznaniu to obiekt zarządzany przez POSiR, przeznaczony dla sportów walki (boks, taekwondo, judo). Hala przeszła modernizację w 2016 roku i dysponuje profesjonalnym ringiem bokserskim, urządzeniami do ćwiczeń siłowych oraz matami amortyzacyjnymi. Rezerwacja dostępu wymaga kontaktu z zarządzającym, dane kontaktowe wymuszają bezpośredni kontakt z POSiR.",
fairPlayce,,"Bożydara 10, 61-607 Poznań, Polska",,wielofunkcyjne,61 828 79 04,recepcja@fairplayce.pl,https://www.fairplayce.pl/,RJBM – spółka z o.o. (prywatna firma),Nowy,Telefon,,,,,,"Park Rekreacyjno-Sportowy fairPlayce przy ul. Bożydara 10 w Poznaniu to wielofunkcyjny kompleks sportowy, zarządzany przez prywatną firmę RJBM sp. z o.o. Oferuje korty do tenisa, badmintona, squasha, tenis stołowy oraz siłownię i sale fitness. Rezerwacje boisk dokonuje się telefonicznie pod numerem 61 828 79 04 lub mailowo na adres recepcja@fairplayce.pl. Obiekt czynny jest 24 godziny na dobę. Strona internetowa: https://www.fairplayce.pl/",
Fitness Klub CityFit - Siłownia 24h Poznań Galeria Pestka - HYROX TRAINING CLUB,,"Aleje Solidarności 47, 61-696 Poznań, Polska",,inne,22 113 93 00,m.nogala@cityfit.pl,https://cityfit.pl/kluby/poznan-pestka/,CityFit (firma),Nowy,Własny system,,,,,,"Fitness Klub CityFit to nowoczesna siłownia 24h zlokalizowana na Alei Solidarności 47 w Galerii Pestka Poznań. Zarządza nią firma CityFit, polska sieć klubów fitness. Klub oferuje członkowskie karty z elastycznymi warunkami i możliwością rezerwacji zajęć online. Członkowie mają dostęp 24/7 bez ograniczeń godzin otwarcia. Rezerwację i informacje o członkostwie można zrealizować przez oficjalną stronę www lub skontaktować się bezpośrednio pod podanym numerem telefonu.",
Fitness Point,,"Galeria MM, Święty Marcin 24, 61-805 Poznań, Polska",,wielofunkcyjne,+48 728 470 119,recepcja.poznan@fitnesspoint.com.pl,https://www.fitnesspoint.com.pl,Fitness Point Poznań SP. ZO.O. (firma prywatna),Nowy,Telefon,,,,,,"Fitness Point Poznań to klub fitness w Galerii MM (Święty Marcin 24), zarządzany przez firmę Fitness Point Poznań SP. ZO.O. Otwiera się od 6:00 (poniedziałek-piątek), z godzinami dostosowanymi dla weekendu. Rezerwacje można dokonać telefonicznie pod numer +48 728 470 119 lub kontaktując się mailowo (recepcja.poznan@fitnesspoint.com.pl). Członkostwo wymaga zawarcia umowy, a zajęcia grupowe mogą wymagać rezerwacji w przypadku dużej frekwencji.",
GOS Hala Sportowa,,"Szkolna, 20, Suchy Las",62-002,wielofunkcyjne,61 892 65 35,[email protected],http://gos.suchylas.pl/,Gminny Ośrodek Sportu – jednostka organizacyjna gminy Suchy Las,Nowy,Nieznany,,,,,,"Gminny Ośrodek Sportu w Suchym Lesie (GOS) zarządza halą sportowo-widowiskową przy ul. Szkolnej 20 w Suchym Lesie, utworzoną w 2003 r. jako jednostka organizacyjna gminy. Hala jest przystosowana do piłki nożnej, koszykówki, siatkówki i piłki ręcznej. Rezerwacje można dokonać telefonicznie na numer 61 89 26 535 lub mailowo na [email protected], szczegóły dostępne na stronie gos.suchylas.pl. Biuro administracji mieści się przy ul. Szkolnej 18.",
GOSiR Komorniki,,"Polna, 37, Komorniki",62-052,wielofunkcyjne,+48 61 810 79 47,biuro@gosirkomorniki.pl,https://gosirkomorniki.pl/,,Nowy,Telefon,,,,,,Rezerwacje możliwe telefonicznie na numer +48 61 81 07 947 lub mailowo na biuro@gosirkomorniki.pl; brak wyraźnego systemu online.,
Hala Dydaktyczno-Sportowa AWF,,"61-001 Poznań, Polska",,hokej / piłka ręczna / koszykówka / siatkówka,61 833 05 11,,http://www.chwialka.poznan.pl/,Akademia Wychowania Fizycznego im. Eugeniusza Piaseckiego w Poznaniu,Nowy,Nieznany,,,,,,,
Hala POSiR Sporty Walki,,"Reymonta 35, 60-791 Poznań, Polska",,wielofunkcyjne,,,https://posir.poznan.pl/obiekty/kasprowicza/hala-sportow-walki,POSiR (Poznańskie Ośrodki Sportu i Rekreacji),Nowy,Nieznany,,,,,,"Hala POSiR Sporty Walki przy ul. Reymonta 35 w Poznaniu to obiekt zarządzany przez POSiR, przeznaczony dla sportów walki (boks, taekwondo, judo). Hala przeszła modernizację w 2016 roku i dysponuje profesjonalnym ringiem bokserskim, urządzeniami do ćwiczeń siłowych oraz matami amortyzacyjnymi. Rezerwacja dostępu wymaga kontaktu z zarządzającym, dane kontaktowe wymuszają bezpośredni kontakt z POSiR.",
Hala Sportowa,,Poznań,,wielofunkcyjne,61 285 23 74,,https://www.orlik2012.pl/index.php/znajdz-orlika/sroda-wielkopolska-ul-lipowa-9,,Nowy,Nieznany,,,,,,Strona domeny orlik2012.pl jest niedostępna - wyświetla tylko stronę rejestratora Aftermarket.pl. Nie można określić sposobu rezerwacji obiektu sportowego.,
Hala sportowa Akademickiego Związeku Sportowego,,"60-607 Poznań; gen. Pułaskiego 30, 60-607 Poznań, Polska",,koszykówka / siatkówka,61 853 03 60,poznan@azs.pl,http://www.poznanazs.pl/,Akademicki Związek Sportowy (organizacja sportowa),Nowy,Telefon,,,,,,,
Hala Sportowa AWF Poznań,Łęgi Dębińskie,"ul. Królowej Jadwigi 27/39, 61-871 Poznań",61-872,siatkówka / koszykówka / futsal,61 835 50 00,,https://awf.poznan.pl,,Nowy,Nieznany,,,,,,"Strona główna AWF Poznań nie zawiera informacji o rezerwacjach dla obiektu sportowego Hala Sportowa. Dostępny jest link ""Wynajem obiektów"" w menu, który może zawierać informacje o rezerwacjach, ale jego zawartość nie została dostarczona.",
Hala Sportowa Politechniki Poznańskiej,Święty Roch,"ul. Piotrowo 4, 61-138 Poznań",61-139,siatkówka / koszykówka / futsal,,,https://put.poznan.pl,,Nowy,Nieznany,,,,,,Strona główna Politechniki Poznańskiej nie zawiera informacji o systemie rezerwacji Hali Sportowej. Brak bezpośredniego linku do rezerwacji lub instrukcji dotyczących księgowania obiektu sportowego.,
Hala sportowa Uniwersytetu Ekonomicznego,,"Dożynkowa 9, 61-622 Poznań, Polska",,futsal / koszykówka / siatkówka,+48 61 825 06 01,,"https://ue.poznan.pl/pl/zycie-studenckie,c24/sport,c2135/studium-wychowania-fizycznego-i-sportu,c2099/informacje-ogolne,c2101/",Uniwersytet Ekonomiczny w Poznaniu (Studium Wychowania Fizycznego i Sportu),Nowy,Telefon,,,,,,"Hala sportowa Uniwersytetu Ekonomicznego w Poznaniu (Studium Wychowania Fizycznego i Sportu) przy ul. Dożynkowej 9J. Zarządzana przez Uniwersytet Ekonomiczny. Rezerwacja możliwa telefonicznie pod numerem +48 61 825 06 01. Hala dostępna do wynajęcia zwłaszcza w soboty i niedziele; dostępne są zajęcia z futsalu, koszykówki, siatkówki i tenisa stołowego.",
Hala Sportowa w Czerwonaku,,"Leśna, 6, Czerwonak",62-004,wielofunkcyjne,+48 61 646 01 67,w.grabinski@akwenczerwonak.pl (wynajem sal) / b.hinc@akwenczerwonak.pl (wynajem sal),https://akwenczerwonak.pl/halasportowa/,AKWEN,Nowy,Zewnętrzny,,,,,,"Hala Sportowa AKWEN w Czerwonaku to wielofunkcyjny obiekt sportowy zarządzany przez Centrum Rozwoju Kultury Fizycznej (jednostkę Gminy Czerwonak). Wynajęcie sal - w tym hali sportowej - odbywa się za pośrednictwem platformy konferencje.pl oraz poprzez bezpośredni kontakt z opiekunami wynajmu (Wojciech Grabiński: 61 646 01 62, w.grabinski@akwenczerwonak.pl; Berenika Hinc: 61 646 01 62, b.hinc@akwenczerwonak.pl). Hala czynna poniedziałek–piątek 7:00–22:00 (w wakacje 7:00–15:00).",
Hala Sportowa w Tulcach,,"Poznańska, 1, Tulce",63-004,wielofunkcyjne,61 872 73 03,,http://www.kleszczewo.pl/page.php?o=592,Gminny Ośrodek Kultury i Sportu w Kleszczewie (GOKiS),Nowy,Nieznany,,,,,,,
Hala Sportowa Wydziału Kadr i Szkolenia KWP w Poznaniu,,"Promienista 17, 60-288 Poznań, Polska",,piłka nożna / siatkówka,+48 604 200 199,,https://reverto.pl/,"Komenda Wojewódzka Policji w Poznaniu, Wydział Kadr i Szkolenia",Nowy,Telefon,,,,,,Hala Sportowa Wydziału Kadr i Szkolenia KWP w Poznaniu (ul. Promienista 28) jest obiektem zarządzanym przez Komendę Wojewódzką Policji. Otwarta poniedziałek-piątek 09:00-20:00. Rezerwacje można wykonywać telefonicznie pod numerem +48 604 200 199. Obiekt dysponuje boiskami do siatkówki i futsalu.,
"Hala Sportowa, siłownia, sauna",Osiedle Przyjaźni,ul. Szarych Szeregów,64-320,wielofunkcyjne,61 814 91 40,osrodekrataje@posir.poznan.pl,http://www.osir-buk.pl/,Ośrodek Sportu i Rekreacji w Buku,Nowy,Telefon,,,,,,"Rezerwacje przyjmowane telefonicznie pod numerem +48 61 81 49 140 lub mailowo na osirbuk@post.pl. Na stronie znajduje się ""Grafik wynajmu"" i ""Cennik"", ale brak własnego systemu rezerwacji online.",
Hala sportowo-widowiskowa Wacław,,Sportowa 6 Szamotuły,,wielofunkcyjne,+48 61 292 14 85,,https://csszamotuly.pl/obiekty/hala-waclaw/,,Nowy,Telefon,,,,,,"Rezerwacje wyłącznie telefoniczne - strona wskazuje na grafik i zapisy, a kontakt telefoniczny to jedyny podany sposób rezerwacji: 61 29 25 320.",
Hala Uniwersytecka,,"Zagajnikowa, 9, Poznań",61-602,wielofunkcyjne,61 829 64 01,,http://swfis.amu.edu.pl/,,Nowy,Nieznany,,,,,,"Strona główna obiektu nie zawiera informacji o systemie rezerwacji; dostępny jest link do sekcji ""Wynajem"" obiektu, ale bez szczegółów dotyczących procedury rezerwacji.",
Hala Uniwersytetu Przyrodniczego,,"Dojazd 7, 60-632 Poznań, Polska",,piłka nożna / futsal / siatkówka / piłka ręczna / siatkówka plażowa,61 846 62 50,ckf@up.poznan.pl,https://sparrow.up.poznan.pl/ckf/,Uniwersytet Przyrodniczy w Poznaniu (Centrum Kultury Fizycznej),Nowy,Zewnętrzny,,,,,,"Hala Uniwersytetu Przyrodniczego (Centrum Kultury Fizycznej UPP) przy ul. Dojazd 7 to wielofunkcyjny obiekt sportowy zarządzany przez Uniwersytet Przyrodniczy w Poznaniu. Rezerwacje boisk i hal można dokonywać przez system Bo5.pl (online) lub telefonicznie pod numerem +48-61-846-6250. Obiekt oferuje m.in. halę sportową, korty tenisowe, siłownię i boiska do plażówki. Kontakt: ckf@up.poznan.pl, strona: https://sparrow.up.poznan.pl/ckf/",
Hala Widowiskowo-Sportowa,,"Mściszewska, 10, Murowana Goślina",62-095,wielofunkcyjne,+48 61 811 23 36; +48 506 560 792,biuro@mgsport.com.pl,https://mgsportinieruchomosci.pl/,"<cite index=""14-4,14-5"">MG Sport Sp. z o.o.</cite>",Nowy,Telefon,,,,,,"<cite index=""1-1,1-2"">Hala widowiskowo-sportowa w Murowanej Goślinie usytuowana jest obok Szkoły Podstawowej nr 1 przy ul. Mściszewskiej 10.</cite> <cite index=""14-4,14-5"">Od 24 kwietnia 2009 roku realizację inwestycji prowadzi MG Sport Sp. z o.o.</cite> <cite index=""10-2"">Hala widowiskowo-sportowa znajduje się w Centrum Kultury i Sportu.</cite> Rezerwacje dokonywane są poprzez telefon lub kontakt email bezpośrednio z operatorem.",
Hangar,Naramowice,"Karpia, 31, Poznań",61-619,wielofunkcyjne,+48 609 051 033,,https://www.hangar31.pl/,,Nowy,Nieznany,,,,,,Na podstawie dostarczonej treści strony nie można określić systemu rezerwacji - brak informacji o sposobie dokonywania rezerwacji.,
Klub sportowy KS 1920 Mosina,,Poznań,,piłka nożna,,,http://www.osirmosina.pl/,,Nowy,E-mail,,,,,,Rezerwacje odbywają się poprzez kontakt e-mail (osir@mosina.pl) lub telefonicznie; brak własnego systemu online.,
Klub Uczelniany AZS Politechniki Poznańskiej,,Poznań,,wielofunkcyjne,+48 61 665 28 17,azs@put.poznan.pl,https://cspp.put.poznan.pl/azs/,,Nowy,Nieznany,,,,,,"Strona klubu zawiera informacje o strukturze organizacyjnej i sekcjach sportowych, ale brak szczegółowych informacji o systemie rezerwacji obiektów sportowych.",
Kohorta,Chartowo,"Os. Lecha, 43",60-112,wielofunkcyjne,,,https://kohorta.pl,,Nowy,Własny system,,,,,,"Klub oferuje rejestrację online poprzez przycisk ""Zapisz się!"" na stronie głównej, a także rezerwacje telefoniczne i mailowe.",
Kompleks sportowo-rekreacyjny w Czerwonaku,,Poznań,,wielofunkcyjne,+48 61 646 01 62,w.grabinski@akwenczerwonak.pl,https://akwenczerwonak.pl/boiska-sportowe/,AKWEN,Nowy,Nieznany,,,,,,,
Kompleks sportowy w Owińskach,,Poznań,,wielofunkcyjne,+48 61 646 01 62,w.grabinski@akwenczerwonak.pl,https://akwenczerwonak.pl/boiska-sportowe/,AKWEN,Nowy,Nieznany,,,,,,,
Korty Rataje POSiR,,"osiedle Piastowskie 106A, 61-139 Poznań, Polska",,wielofunkcyjne,506 042 344,rataje@posir.poznan.pl,https://www.posir.poznan.pl/obiekty/rataje/korty-tenisowe,POSiR (Poznańskie Ośrodki Sportu i Rekreacji) - jednostka miejska,Nowy,Zewnętrzny,,,,,,"Korty Rataje POSiR to ośrodek tenisowy zarządzany przez Poznańskie Ośrodki Sportu i Rekreacji. Kompleks znajduje się na os. Piastowskim 106A w Poznaniu i posiada 2 korty zewnętrzne oraz 4 korty kryte. Rezerwacje możliwe przez system online Reservise (https://reservise.com/online/posirtenis/), mailowo na rataje@posir.poznan.pl lub telefonicznie. Obiekty dostępne codziennie 08:00-22:00.",
Korty tenisowe w Szreniawie GOSiR Komorniki,,Poznań,,wielofunkcyjne,+48518715572,,https://gosirkomorniki.pl/obiekty-gosir/korty-tenisowe-w-szreniawie/,,Nowy,Nieznany,,,,,,,
"Kórnickie Centrum Rekreacji i Sportu ""OAZA""",,"Ignacego Krasickiego, 1, Kórnik",62-035,wielofunkcyjne,+48 61 649 88 75,biuro@oaza.kornik.pl,https://www.oaza.kornik.pl,Samorządowa jednostka budżetowa Miasta i Gminy Kórnik,Nowy,Telefon,,,,,,"Kórnickie Centrum Rekreacji i Sportu ""OAZA"" to samorządowa jednostka budżetowa zarządzana przez Miasto i Gminę Kórnik. Mieści się pod adresem ul. Ignacego Krasickiego 1 w Kórniku. Oferuje hale sportowe, pływalnię, fitness, siłownię i różne atrakcje wodne. Rezerwacje i informacje o wizytach można uzyskać poprzez telefon +48 61 649 88 75 lub email biuro@oaza.kornik.pl. Centrum czynne jest codziennie od 06:30 do 22:30.",
Kórnickie Centrum Rekreacji i Sportu OAZA,,"Sportowa, 15, Błażejewko",62-035,siatkówka / piłka nożna,+48 61 649 88 75,biuro@oaza.kornik.pl,https://oaza.kornik.pl,samorządowa jednostka budżetowa - Kórnickie Centrum Rekreacji i Sportu (zarządzane przez Miasto i Gminę Kórnik),Nowy,Brak / z marszu,,,,,,"Kórnickie Centrum Rekreacji i Sportu OAZA w Błażejewku (Sportowa 15) to ośrodek sportowo-rekreacyjny zarządzany przez samorządową jednostkę budżetową Gminy Kórnik. Oferuje bezpłatne kąpielisko sezonowe (czerwiec-wrzesień, 10:00-18:00) oraz boiska do gry w piłkę nożną i siatkówkę. Rezerwacji boisek można dokonywać telefonicznie (+48 61 649 88 75) lub mailowo (biuro@oaza.kornik.pl). Dostęp do kąpieliska i plaży jest wolny.",
KS Pocztowiec,,Poznań,,wielofunkcyjne,61 665 34 92,osrodekrataje@posir.poznan.pl,https://cspp.put.poznan.pl/,,Nowy,Własny system,,,,,,"Strona zawiera link do ""Rezerwacje obiektów on-line"" w sekcji Obiekty sportowe, wskazując na własny system rezerwacji online.",
KS Warta Poznań,Łęgi Dębińskie,ul. Droga Dębińska,61-555,wielofunkcyjne,+48 61 833 77 01,biuro@kswarta.pl,https://www.kswarta.pl/,,Nowy,Nieznany,,,,,,"Na stronie KS Warta Poznań nie znaleziono informacji o systemie rezerwacji lub dostępie do obiektów. Strona zawiera głównie informacje o strukturze klubu, sekcjach sportowych, aktualościach i osiągnięciach.",
LOSiR Hala widowiskowo - sportowa,,"Wojska Polskiego, 1, Luboń",62-030,piłka nożna / futsal / siatkówka / piłka ręczna,61 899 22 35,losir@losir.eu,http://www.losir.eu/,LOSiR Sp. z o.o. (spółka prywatna),Nowy,Telefon,,,,,,"LOSiR Sp. z o.o. to nowoczesny kompleks sportowo-rekreacyjny w Luboniu (ul. Hugona Kołłątaja 2) zarządzany przez spółkę prywatną. Hala widowiskowo-sportowa oferuje boiska wielofunkcyjne do piłki nożnej, siatkówki, koszykówki i piłki ręcznej. Rezerwacje dokonuje się telefonicznie pod numerem 61 899 22 35 lub mailowo (losir@losir.eu). Brak informacji o godzinach stałych otwarcia — godziny zmienne w zależności od harmonogramu wynajęcia.",
MK Bowling Poznań,Stare Miasto,"Święty Marcin 24, 61-805 Poznań, Polska",61-827,inne,(61) 222 50 51,biuro.poznan@mkbowling.pl,https://www.mkbowling.pl/start-poznan,MK Bowling (firma prywatna),Nowy,Telefon,,,,,,"MK Bowling Poznań to centrum rozrywki zarządzane przez firmę MK Bowling. Obekt znajduje się w Galerii MM na ul. Święty Marcin 24. Oferta obejmuje bowlling, bilard, shuffleboard, dart i gastronomię. Rezerwacje przyjmuje się telefonami (61) 222 50 51 (recepcja) oraz (61) 222 50 52 (biuro), a także mailowo. Wcześniejsza rezerwacja toru bowlingowego jest zalecana.",
Młodzieżowy Ośrodek Sportowy,,Poznań,,wielofunkcyjne,61 877 23 29,,https://posir.poznan.pl/obiekty/mos/,,Nowy,E-mail,,,,,,"Rezerwacje obiektów sportowych przyjmowane telefonicznie lub e-mailowo; strona zawiera link do ""Sprawdź ofertę"" wynajmu, ale brak dedykowanego systemu rezerwacji online.",
Orlik,,Poznań,,wielofunkcyjne,506 042 344,,https://www.posir.poznan.pl/obiekty/rataje/korty-tenisowe,,Nowy,Zewnętrzny,,,,,,"Rezerwacje możliwe mailowo, telefonicznie, przez aplikację Playmore oraz stronę https://playmore.pl/reservation/87/courts; stałe rezerwacje sezonowe przyjmowane wyłącznie mailowo.",
Orlik,,Poznań,,wielofunkcyjne,61 833 05 11,,http://www.chwialka.poznan.pl/,Młodzieżowy Dom Kultury nr 1,Nowy,E-mail,,,,,,"Rezerwacje basenu i hal sportowych prowadzone są poprzez e-mail; adresy e-mail dostępne na stronie dla różnych typów rezerwacji (tory basenowe, hale sportowe).",
Orlik,,Poznań,,wielofunkcyjne,,,https://posir.poznan.pl/obiekty/kasprowicza/hala-sportow-walki,Szkoła Podstawowa nr 33 i XXXIII Liceum Ogólnokształcące,Nowy,Telefon,,,,,,Rezerwacje przyjmowane telefonicznie na numer 61 835 79 00 (centrala) lub 61 835 79 01 (sekretariat); brak informacji o systemie online.,
Orlik - Os. Oświecenia,,"Rataje, 61-001 Poznań, Polska",,piłka nożna,61 871 06 42,sekretariat@posir.poznan.pl,https://posir.poznan.pl/obiekty/rataje/boiska-orlik,POSiR Poznań (Poznańskie Ośrodki Sportu i Rekreacji) — jednostka miejska,Nowy,Telefon,,,,,,"<cite index=""1-1"">Kompleks boisk Orlik na terenie Oddziału Rataje zawiera boisko piłkarskie ze sztuczną nawierzchnią oraz boisko wielofunkcyjne do siatkówki i koszykówki.</cite> Obiekt zarządzany przez <cite index=""16-17"">POSiR (ul. Spychalskiego 34, 61-553 Poznań, tel. 618357901)</cite>. <cite index=""1-2"">Kompleks dostępny codziennie w godzinach 7:00 – 22:00.</cite> Rezerwacja boisk odbywa się telefonicznie lub bezpośrednio w administracji obiektu — <cite index=""11-5"">opłata miesięczna dla szkół wynosi 315 zł/miesiąc.</cite>",
Orlik 2012,,Poznań,,wielofunkcyjne,+48 51 090 87 77; +48 61 646 01 62,w.grabinski@akwenczerwonak.pl,https://akwenczerwonak.pl/boiska-sportowe/,AKWEN,Nowy,Nieznany,,,,,,,
Orlik Rataje,Łacina,"os. Piastowskie 65, 61-156 Poznań",61-206,piłka nożna / futsal,,,https://posir.poznan.pl/obiekty/rataje/boiska-orlik,POSiR (Poznańskie Ośrodki Sportu i Rekreacji) — jednostka miasta Poznania,Nowy,Telefon,,,,,,"<cite index=""1-1,1-2"">Kompleks boisk Orlik na terenie Oddziału Rataje POSiR oferuje boisko piłkarskie ze sztuczną nawierzchnią oraz boisko wielofunkcyjne (również do koszykówki i siatkówki), dostępne codziennie w godzinach 7:00 – 22:00.</cite> <cite index=""1-4,1-5"">Zarządzane przez Poznańskie Ośrodki Sportu i Rekreacji (POSiR), tel. 61 871 06 42, 502 361 499.</cite> Rezerwacje odbywają się telefonicznie lub poprzez odpłatne godzinowe/miesięczne umowy, według cennika POSiR.</summary>
<parameter name=""phone"">61 871 06 42, 502 361 499",
Ośrodek Przywodny Rataje,,Poznań,,wielofunkcyjne,506 042 344,,https://www.posir.poznan.pl/obiekty/rataje/korty-tenisowe,,Nowy,Zewnętrzny,,,,,,"Rezerwacje dostępne mailowo, telefonicznie, przez aplikację Playmore oraz na stronie https://playmore.pl/reservation/87/courts. Stałe rezerwacje sezonowe przyjmowane mailowo.",
Ośrodek Sportu i Rekreacji Tarnowo Podgórne,,Poznań,,piłka nożna,61 816 22 15,,http://www.osir.pl/obiekty/przezmierowo,Ośrodek Sportu i Rekreacji Tarnowo Podgórne,Nowy,Własny system,,,,,,"Strona zawiera przyciski ""Rezerwuj"" dla każdego obiektu, które wskazują na własny system rezerwacji obiektu.",
Ośrodek Sportu i Rekreacji Tarnowo Podgórne,,Poznań,,wielofunkcyjne,61 816 22 15,,http://www.osir.pl/obiekty/przezmierowo,Ośrodek Sportu i Rekreacji Tarnowo Podgórne,Nowy,Własny system,,,,,,"Rezerwacje są możliwe poprzez przycisk ""Rezerwuj"" dostępny dla każdego obiektu (hala sportowa, boisko, sale gimnastyczne, kort tenisowy), prowadzący do formularza rezerwacyjnego na stronie obiektu.",
Ośrodek Sportu i Rekreacji Tarnowo Podgórne,,Poznań,,wielofunkcyjne,61 816 22 15,,http://www.osir.pl/obiekty/przezmierowo,Ośrodek Sportu i Rekreacji Tarnowo Podgórne,Nowy,Własny system,,,,,,"Obiekt posiada przycisk ""Rezerwuj"" dla każdej sali/obiektu oraz udostępnia dane kontaktowe (telefon i e-mail) kierownika obiektu do rezerwacji.",
Ośrodek Sportu i Rekreacji w Baranowie,,"Wypoczynkowa, 93a, Baranowo",62-081,wielofunkcyjne,"<cite index=""1-5"">666 895 185, 601 820 594</cite>","<cite index=""1-5"">p.kucharski@osir.pl</cite>",https://osir.pl,"<cite index=""8-1,8-2,8-3"">Ośrodek Sportu i Rekreacji Tarnowo Podgórne (POSiR) zarządzany przez gminę Tarnowo Podgórne</cite>",Nowy,Zewnętrzny,,,,,,"Na stronie znajduje się menu ""REZERWACJE"", które sugeruje dostęp do systemu rezerwacji, ale pełna treść strony rezerwacji nie jest dostępna w analizie.",
Ośrodek Sportu i Rekreacji w Opalenicy,,Poznań,,wielofunkcyjne,61 447 51 90,,,,Nowy,Nieznany,,,,,,,
"Park rekreacyjno-sportowy ""FairPlayce""",,Poznań,,wielofunkcyjne,+48 61 828 79 04; +48 664 715 666,recepcja@fairplayce.pl,https://www.fairplayce.pl/,,Nowy,Zewnętrzny,,,,,,"Rezerwacje on-line dostępne poprzez link ""Rezerwacja"" na stronie, ale konkretna platforma nie jest ujawniona w treści.",
Park Tenisowy Olimpia,,"Warmińska 1, 60-622 Poznań, Polska",,wielofunkcyjne,61 840 68 72,biuro@parktenisowy.pl,https://posir.poznan.pl/obiekty/golecin/boiska-pilkarskie,"Stowarzyszenie Sportowe „Park Tenisowy Olimpia"" (klub sportowy)",Nowy,Własny system,,,,,,"Park Tenisowy Olimpia to prywatny ośrodek tenisowy na Warmińskiej 1 w Poznaniu, zarządzany przez Stowarzyszenie Sportowe o tej samej nazwie. Obiektem dysponuje 12 kortów (otwartych i krytych). Rezerwacje dostępne online via Reservise.com oraz telefonicznie (603 283 336) i mailowo (biuro@parktenisowy.pl). Korty czynne codziennie 7:00-24:00.",
Plek Centrum Sportu,,"Margonińska, 25, Poznań",,wielofunkcyjne,+48 531 122 698,office@centrumplek.pl,http://www.centrumplek.pl/,,Nowy,Zewnętrzny,,,,,,"Rezerwacje kortów i boisk odbywają się poprzez aplikację Playtomic, gdzie można sprawdzić dostępność, wybrać termin i godzinę gry.",
POSiR,,Poznań,,siatkówka,,staroleka@posir.poznan.pl,https://posir.poznan.pl/obiekty/rataje/park-rekreacji-staroleka-mala,,Nowy,Nieznany,,,,,,,
POSiR,,Poznań,,piłka nożna,,staroleka@posir.poznan.pl,https://posir.poznan.pl/obiekty/rataje/park-rekreacji-staroleka-mala,,Nowy,Nieznany,,,,,,,
POSiR - Hala B,,"Jana Spychalskiego 34, 61-553 Poznań, Polska",,piłka nożna / koszykówka / siatkówka / piłka ręczna / hokej / futsal,61 833 05 11,chwialka@posir.poznan.pl,http://www.chwialka.poznan.pl/,POSiR (Poznańskie Ośrodki Sportu i Rekreacji) - jednostka miejska,Nowy,Telefon,,,,,,Hala B POSiR na ul. Jana Spychalskiego 34 w Poznaniu to hala sportowa zarządzana przez Poznańskie Ośrodki Sportu i Rekreacji (jednostkę miejską). Hala służy głównie klubom i stowarzyszeniom sportowym. Rezerwacja następuje drogą telefoniczną pod numer 61 833 05 11 (linia główna) lub poprzez e-mail chwialka@posir.poznan.pl. Recepcja jest czynna od 7:00 do 22:00. Więcej informacji dostępne na stronie www.posir.poznan.pl/obiekty/chwialka/,
Poznańskie Ośrodki Sportu i Rekreacji - Hala A,,"ul, Jana Spychalskiego 34, 61-553 Poznań, Polska",,wielofunkcyjne,61 833 05 11,sekretariat@posir.poznan.pl,http://www.chwialka.poznan.pl/,Poznańskie Ośrodki Sportu i Rekreacji (jednostka samorządu terytorialnego Miasta Poznań),Nowy,Nieznany,,,,,,,
Poznańskie Ośrodki Sportu i Rekreacji - Hala C,,"Jana Spychalskiego 38, 61-553 Poznań, Polska",,wielofunkcyjne,61 833 05 11,sekretariat@posir.poznan.pl,http://www.chwialka.poznan.pl/,Poznańskie Ośrodki Sportu i Rekreacji - jednostka samorządowa Miasta Poznania,Nowy,Nieznany,,,,,,,
Poznańskie Ośrodki Sportu i Rekreacji POSiR,,"Gdańska 1, 61-123 Poznań, Polska",,piłka nożna / siatkówka plażowa,61 877 23 29,mos@posir.poznan.pl,https://posir.poznan.pl/obiekty/mos/,Poznańskie Ośrodki Sportu i Rekreacji (POSiR) - jednostka samorządowa Miasta Poznania,Nowy,Telefon,,,,,,"Młodzieżowy Ośrodek Sportowy (MOS) przy ul. Gdańskiej 1 w Poznaniu jest oddziałem Poznańskich Ośrodków Sportu i Rekreacji (POSiR), jednostki samorządowej Miasta Poznania. Obiekt oferuje boisko piłkarskie, korty tenisowe, bieżnię lekkoatletyczną oraz boiska do siatkówki plażowej. Rezerwacje boiska dokonuje się telefonicznie pod numer 61 877 23 29 lub mailowo na adres mos@posir.poznan.pl. Więcej informacji dostępnych na stronie https://posir.poznan.pl/obiekty/mos/",
"Poznańskie Ośrodki Sportu i Rekreacji, Oddział Golęcin",,"Warmińska 1, 60-622 Poznań, Polska",,wielofunkcyjne,61 840 68 72,biuro@parktenisowy.pl,http://golecin.poznan.pl/,"Stowarzyszenie Sportowe „Park Tenisowy Olimpia"" (klub sportowy)",Nowy,Własny system,,,,,,"Park Tenisowy Olimpia to prywatny ośrodek tenisowy na Warmińskiej 1 w Poznaniu, zarządzany przez Stowarzyszenie Sportowe o tej samej nazwie. Obiektem dysponuje 12 kortów (otwartych i krytych). Rezerwacje dostępne online via Reservise.com oraz telefonicznie (603 283 336) i mailowo (biuro@parktenisowy.pl). Korty czynne codziennie 7:00-24:00.",
"Poznańskie Ośrodki Sportu i Rekreacji, Oddział Malta",,"Wiankowa 3, 61-131 Poznań, Polska",,piłka nożna / siatkówka plażowa,61 876 60 11,biuro@malta.poznan.pl,http://www.malta.poznan.pl/,Poznańskie Ośrodki Sportu i Rekreacji (POSiR) - Samorządowy Zakład Budżetowy Miasta Poznania,Nowy,Inny,,,,,,,
Przystań KS Posnania,,Poznań,,wielofunkcyjne,,,https://przystanposnania.pl/,,Nowy,Zewnętrzny,,,,,,"Strona zawiera przycisk ""zapisz się na zajęcia"" oraz odniesienia do ""Grafiku zajęć"", które kierują do systemu rezerwacji zajęć.",
Radojewko - Fabryka Dobrej Zabawy,,"Podbiałowa, 11",,wielofunkcyjne,720 833 645; 782 620 197,biuro@eventowotarg.com,eventowotarg.com,firma prywatna,Nowy,Telefon,,,,,,Radojewko - Fabryka Dobrej Zabawy to prywatne przedsiębiorstwo zlokalizowane na ul. Podbiałowej 11 w Poznaniu. Specjalizuje się w organizacji imprez urodzinowych i eventów dla dzieci z bogatą ofertą atrakcji. Rezerwacje dokonuje się poprzez telefon kontaktowy: 720 833 645 (Paulina) lub 782 620 197 (Kuba). Kontakt również dostępny przez e-mail: biuro@eventowotarg.com lub stronę eventowotarg.com.,
Red Oak,,"Jana Pawła II, 7, Poznań",61-131,wielofunkcyjne,+48691581271,,https://www.facebook.com/redoaksport/,,Nowy,Nieznany,,,,,,"Strona zawiera kod JavaScript Facebook, nie można określić systemu rezerwacji na podstawie dostarczonego HTML.",
Sport Club Poznań,,"Pl. Władysława Andersa 1, 60-898 Poznań, Polska",,wielofunkcyjne,504 165 900,,https://www.facebook.com/sportclubpoznan,,Nowy,Nieznany,,,,,,"Sport Club Poznań na Placu Władysława Andersa 1 w Poznaniu jest zarejestrowany jako pub/klub nocny czynny od 16:00 do 4:00 rano. Telefon kontaktowy to 504 165 900. Niski poziom pewności wynika z faktu, że wyszukania internetu sugerują, iż jest to bar/klub, a nie wielofunkcyjny obiekt sportowy z boiskami. Brak potwierdzenia dostępności dyscyplin sportowych, systemu rezerwacji boisk i innych charakterystyk obiektu sportowego.",
Stadion KKS Lechia Kostrzyn,,Poznań,,piłka nożna,,,http://lechiakostrzyn.pl,,Nowy,Nieznany,,,,,,Strona jest w trakcie budowy (Site en construction) - zawiera tylko elementy OVHcloud placeholder. Nie można określić systemu rezerwacji.,
Stadion Lekkoatletyczny POSiR Golęcin,,"Warmińska 1, 60-622 Poznań, Polska",,wielofunkcyjne,61 840 68 72,,https://posir.poznan.pl/obiekty/golecin/boiska-pilkarskie,,Nowy,Telefon,,,,,,Rezerwacje przyjmowane wyłącznie telefonicznie pod numer 61 840 68 72 (Oddział Golęcin) lub centralą 61 835 79 00; brak systemu online lub zewnętrznej platformy do rezerwacji.,
Stadion OSiR w Mosinie,,"Marii Konopnickiej, 31, Mosina",62-050,wielofunkcyjne,,osir@mosina.pl,https://osirmosina.pl/,,Nowy,E-mail,,,,,,"Rezerwacje odbywają się poprzez kontakt e-mailowy lub telefoniczny - brak dedykowanego systemu online, obowiązkowe bezpośrednie kontaktowanie się z obiektem.",
Stadion POSiR Harcerska,,"Harcerska 5, 61-011 Poznań, Polska",,piłka nożna / futsal,61 877 23 29,,https://posir.poznan.pl/obiekty/mos/stadion-pilkarski-przy-ul-harcerskiej,Poznański Szkolny Związek Sportowy / POSiR,Nowy,Telefon,,,,,,"Stadion piłkarski przy ul. Harcerskiej 5 w Poznaniu to nowoczesny obiekt zarządzany przez Poznański Szkolny Związek Sportowy wspólnie z POSiR. Rezerwacje boiska dokonywane są telefonicznie pod numer 61 877 23 29 w godzinach pracy biura (poniedziałek–piątek, 7:30–15:00). Stadion przeznaczony jest głównie dla piłki nożnej i futsalu, z dostępem dla drużyn treningowych i meczowych.",
Stadion Sportowy GOSiR w Komornikach,,Poznań,,wielofunkcyjne,+48505007579,,https://gosirkomorniki.pl/obiekty-gosir/stadion-pilkarski-w-komornikach/,,Nowy,Nieznany,,,,,,,
Strefa Sportu Tenis & Fitness,,"Osiedle Edwarda Raczyńskiego, 3/50, Swarzędz",62-020,wielofunkcyjne,+48 61 818 51 05,,https://www.strefa-sportu.pl/kontakt/,,Nowy,Telefon,,,,,,"Rezerwacje przyjmowane telefonicznie na numer 601 294 295; strona zawiera formularz kontaktowy, ale głównym kanałem komunikacji jest telefon.",
Tenis Park Luboń,,"Armii Poznań, 2h, Luboń",62-030,wielofunkcyjne,+48511918114,,https://pl-pl.facebook.com/TenisParkLubon/,,Nowy,Nieznany,,,,,,Strona zawiera głównie kod techniczny Facebooka; brak widocznych informacji o systemie rezerwacji.,
Termy Maltańskie — Boiska,Warszawskie-Pomet-Maltańskie,"ul. Termalna 1, 61-028 Poznań",61-051,siatkówka / piłka nożna,61 876 60 11,,https://termymaltanskie.com.pl,,Nowy,Brak / z marszu,,,,,,"Termy Maltańskie oferują wolny wstęp bez konieczności rezerwacji - bilety można kupić na miejscu. Strona zawiera przycisk ""Kup bilet"" dla poszczególnych stref, ale nie ma systemu rezerwacji online ani wymogów zarezerwowania miejsca z góry.",Franek
Warta Poznań SA,,"Droga Dębińska 12, 61-001 Poznań, Polska",,piłka nożna,61 833 05 11,,http://www.chwialka.poznan.pl/,Warta Poznań S.A. (klub sportowy); własność miasta Poznania,Nowy,Telefon,,,,,,"Stadion Warty Poznań SA to stadion piłkarski przy ul. Droga Dębińska 12 w Poznaniu. Stanowi własność miasta Poznania i jest użytkowany przez klub Warta Poznań S.A. (zespół drugoligowy). Rezerwacja i informacje: telefon 61 833 05 11, oficjalna strona www.wartapoznan.pl. Godziny otwarcia i system rezerwacji boiska wymagają uściślenia bezpośredniego kontaktu z obiektem.",
Wielkopolska Przychodnia Sportowo–Lekarska,,"Reymonta 35, 60-791 Poznań, Polska",,wielofunkcyjne,,,https://posir.poznan.pl/obiekty/kasprowicza/hala-sportow-walki,POSiR (Poznańskie Ośrodki Sportu i Rekreacji),Nowy,Nieznany,,,,,,"Hala POSiR Sporty Walki przy ul. Reymonta 35 w Poznaniu to obiekt zarządzany przez POSiR, przeznaczony dla sportów walki (boks, taekwondo, judo). Hala przeszła modernizację w 2016 roku i dysponuje profesjonalnym ringiem bokserskim, urządzeniami do ćwiczeń siłowych oraz matami amortyzacyjnymi. Rezerwacja dostępu wymaga kontaktu z zarządzającym, dane kontaktowe wymuszają bezpośredni kontakt z POSiR.",
WKS Grunwald Poznań - sekcja zapaśnicza,,"Bukowska 25A, 60-501 Poznań, Polska",,wielofunkcyjne,"+48 500269255, +48 261 577010",biuro@wks-grunwald.poznan.pl,http://wks-grunwald.poznan.pl/,Wojskowy Klub Sportowy (WKS) Grunwald Poznań - stowarzyszenie sportowe,Nowy,Brak / z marszu,,,,,,,
Xtreme Fitness Poznań Stary Browar,Stare Miasto,"Półwiejska 42, 61-888 Poznań, Polska",61-898,inne,690 359 044,poznan.starybrowar@xtremefitness.pl,https://xtremefitness.pl/poznan-starybrowar,Firma (B2R FITNESS Sp. z.o.o.),Nowy,Telefon,,,,,,"Xtreme Fitness Poznań Stary Browar to prywatny klub fitness i siłownia zarządzany przez firmę B2R FITNESS Sp. z.o.o. Rezerwacje przebiegają telefonicznie. Można kontaktować się pod numerem 690 359 044 lub mailowo na adres poznan.starybrowar@xtremefitness.pl. Klub czynny jest od poniedziałku do piątku 6:00-23:00, w sobotę 8:00-20:00, w niedzielę 8:00-18:00.",
Zespół Szkół Mistrzostwa Sportowego nr 2,,"Al. Niepodległości 32, 61-714 Poznań, Polska",,piłka nożna,61 852 60 01,kontakt@sportowa13.pl,www.sportowa13.pl,Miasto Poznań (szkoła publiczna),Nowy,Brak / z marszu,,,,,,"Zespół Szkół Mistrzostwa Sportowego nr 2 (Al. Niepodległości 32, 61-714 Poznań) to szkoła publiczna prowadzona przez Miasto Poznań, skupiająca się na szkoleniu sportowym w piłce nożnej, lekkoatletyce i tenisie stołowym. Obiekty sportowe to sala gimnastyczna, hala sportowa, boiska oraz bieżnie. Rezerwacje i informacje: tel. 61 852 60 01, e-mail kontakt@sportowa13.pl, www.sportowa13.pl. Jako szkoła – brak publicznego systemu rezerwacji boisk, kontakt możliwy poprzez sekretariat.",
Boisko — baseball,,Poznań,,baseball,,,,,Nowy,Nieznany,,,,,,,
Boisko — baseball,,Poznań,,baseball,,,,,Nowy,Nieznany,,,,,,,
Boisko — baseball · tartan / asfalt,,Poznań,,baseball,,,,,Nowy,Nieznany,,,,,,,
Boisko — hokej na trawie,,Poznań,,hokej na trawie,,,,,Nowy,Nieznany,,,,,,,
Boisko — hokej na trawie · sztuczna trawa,,Poznań,,hokej na trawie,,,,,Nowy,Nieznany,,,,,,,
Boisko — koszykówka,Kasztelanów,ul. Bułgarska,60-325,koszykówka,,,,,Nowy,Nieznany,,,,,,,
Boisko — koszykówka,Strzeszyn,ul. Krajenecka,60-463,koszykówka,,,,,Nowy,Nieznany,,,,,,,
Boisko — koszykówka,Antoninek,ul. Zbyłowita,61-062,koszykówka,,,,,Nowy,Nieznany,,,,,,,
Boisko — koszykówka,Przy Trakcie,ul. Szkolna,62-090,koszykówka,,,,,Nowy,Nieznany,,,,,,,
Boisko — koszykówka,Chartowo,ul. Piaśnicka,61-290,koszykówka,,,,,Nowy,Nieznany,,,,,,,
Boisko — koszykówka,Grunwald Północ,ul. Swoboda,60-389,koszykówka,,,,,Nowy,Nieznany,,,,,,,
Boisko — koszykówka,,ul. Pogodna,62-020,koszykówka,,,,,Nowy,Nieznany,,,,,,,
Boisko — koszykówka,Grunwald Północ,ul. Sierakowska,60-367,koszykówka,,,,,Nowy,Nieznany,,,,,,,
Boisko — koszykówka,Stare Miasto,ul. Działowa,61-764,koszykówka,,,,,Nowy,Nieznany,Franek,,,,,,Franek
Boisko — koszykówka,Przy Trakcie,ul. Szkolna,62-090,koszykówka,,,,,Nowy,Nieznany,,,,,,,
Boisko — koszykówka,,ul. Poznańska,60-185,koszykówka,,,,,Nowy,Nieznany,,,,,,,
Boisko — koszykówka,Naramowice,Poznań,61-616,koszykówka,,,,,Nowy,Nieznany,,,,,,,
Boisko — koszykówka,Naramowice,Poznań,61-616,koszykówka,,,,,Nowy,Nieznany,,,,,,,
Boisko — koszykówka,Górczynek,ul. Bojanowska,60-103,koszykówka,,,,,Nowy,Nieznany,,,,,,,
Boisko — koszykówka,,ul. Poznańska,62-008,koszykówka,,,,,Nowy,Nieznany,,,,,,,
Boisko — koszykówka,,Poznań,,koszykówka,,,,,Nowy,Nieznany,,,,,,,
Boisko — koszykówka,,Poznań,,koszykówka,,,,,Nowy,Nieznany,,,,,,,
Boisko — koszykówka,,Poznań,,koszykówka,,,,,Nowy,Nieznany,,,,,,,
Boisko — koszykówka,,Poznań,,koszykówka,,,,,Nowy,Nieznany,,,,,,,
Boisko — koszykówka,,Poznań,,koszykówka,,,,,Nowy,Nieznany,,,,,,,
Boisko — koszykówka,,Poznań,,koszykówka,,,,,Nowy,Nieznany,,,,,,,
Boisko — koszykówka,,Poznań,,koszykówka,,,,,Nowy,Nieznany,,,,,,,
Boisko — koszykówka,,Poznań,,koszykówka,,,,,Nowy,Nieznany,,,,,,,
Boisko — koszykówka,,Poznań,,koszykówka,,,,,Nowy,Nieznany,,,,,,,
Boisko — koszykówka,,Poznań,,koszykówka,,,,,Nowy,Nieznany,,,,,,,
Boisko — koszykówka,,Poznań,,koszykówka,,,,,Nowy,Nieznany,,,,,,,
Boisko — koszykówka,,Poznań,,koszykówka,,,,,Nowy,Nieznany,,,,,,,
Boisko — koszykówka,,Poznań,,koszykówka,,,,,Nowy,Nieznany,,,,,,,
Boisko — koszykówka,,Poznań,,koszykówka,,,,,Nowy,Nieznany,,,,,,,
Boisko — koszykówka,,Poznań,,koszykówka,,,,,Nowy,Nieznany,,,,,,,
Boisko — koszykówka,,Poznań,,koszykówka,,,,,Nowy,Nieznany,,,,,,,
Boisko — koszykówka,,Poznań,,koszykówka,,,,,Nowy,Nieznany,,,,,,,
Boisko — koszykówka,,Poznań,,koszykówka,,,,,Nowy,Nieznany,,,,,,,
Boisko — koszykówka,,Poznań,,koszykówka,,,,,Nowy,Nieznany,,,,,,,
Boisko — koszykówka,,Poznań,,koszykówka,,,,,Nowy,Nieznany,,,,,,,
Boisko — koszykówka,,Poznań,,koszykówka,,,,,Nowy,Nieznany,,,,,,,
Boisko — koszykówka,,Poznań,,koszykówka,,,,,Nowy,Nieznany,,,,,,,
Boisko — koszykówka,,Poznań,,koszykówka,,,,,Nowy,Nieznany,,,,,,,
Boisko — koszykówka,,Poznań,,koszykówka,,,,,Nowy,Nieznany,,,,,,,
Boisko — koszykówka,,Poznań,,koszykówka,,,,,Nowy,Nieznany,,,,,,,
Boisko — koszykówka,,Poznań,,koszykówka,,,,,Nowy,Nieznany,,,,,,,
Boisko — koszykówka,,Poznań,,koszykówka,,,,,Nowy,Nieznany,,,,,,,
Boisko — koszykówka,,Poznań,,koszykówka,,,,,Nowy,Nieznany,,,,,,,
Boisko — koszykówka,,Poznań,,koszykówka,,,,,Nowy,Nieznany,,,,,,,
Boisko — koszykówka,,Poznań,,koszykówka,,,,,Nowy,Nieznany,,,,,,,
Boisko — koszykówka,,Poznań,,koszykówka,,,,,Nowy,Nieznany,,,,,,,
Boisko — koszykówka,,Poznań,,koszykówka,,,,,Nowy,Nieznany,,,,,,,
Boisko — koszykówka,,Poznań,,koszykówka,,,,,Nowy,Nieznany,,,,,,,
Boisko — koszykówka,,Poznań,,koszykówka,,,,,Nowy,Nieznany,,,,,,,
Boisko — koszykówka,,Poznań,,koszykówka,,,,,Nowy,Nieznany,,,,,,,
Boisko — koszykówka,,Poznań,,koszykówka,,,,,Nowy,Nieznany,,,,,,,
Boisko — koszykówka,,Poznań,,koszykówka,,,,,Nowy,Nieznany,,,,,,,
Boisko — koszykówka,,Poznań,,koszykówka,,,,,Nowy,Nieznany,,,,,,,
Boisko — koszykówka,,Poznań,,koszykówka,,,,,Nowy,Nieznany,,,,,,,
Boisko — koszykówka,,Poznań,,koszykówka,,,,,Nowy,Nieznany,,,,,,,
Boisko — koszykówka,,Poznań,,koszykówka,,,,,Nowy,Nieznany,,,,,,,
Boisko — koszykówka,,Poznań,,koszykówka,,,,,Nowy,Nieznany,,,,,,,
Boisko — koszykówka,,Poznań,,koszykówka,,,,,Nowy,Nieznany,,,,,,,
Boisko — koszykówka,,Poznań,,koszykówka,,,,,Nowy,Nieznany,,,,,,,
Boisko — koszykówka,,Poznań,,koszykówka,,,,,Nowy,Nieznany,,,,,,,
Boisko — koszykówka,,Poznań,,koszykówka,,,,,Nowy,Nieznany,,,,,,,
Boisko — koszykówka,,Poznań,,koszykówka,,,,,Nowy,Nieznany,,,,,,,
Boisko — koszykówka,,Poznań,,koszykówka,,,,,Nowy,Nieznany,,,,,,,
Boisko — koszykówka,,Poznań,,koszykówka,,,,,Nowy,Nieznany,,,,,,,
Boisko — koszykówka,,Poznań,,koszykówka,,,,,Nowy,Nieznany,,,,,,,
Boisko — koszykówka,,Poznań,,koszykówka,,,,,Nowy,Nieznany,,,,,,,
Boisko — koszykówka,,Poznań,,koszykówka,,,,,Nowy,Nieznany,,,,,,,
Boisko — koszykówka,,Poznań,,koszykówka,,,,,Nowy,Nieznany,,,,,,,
Boisko — koszykówka,,Poznań,,koszykówka,,,,,Nowy,Nieznany,,,,,,,
Boisko — koszykówka,,Poznań,,koszykówka,,,,,Nowy,Nieznany,,,,,,,
Boisko — koszykówka,,Poznań,,koszykówka,,,,,Nowy,Nieznany,,,,,,,
Boisko — koszykówka,,Poznań,,koszykówka,,,,,Nowy,Nieznany,,,,,,,
Boisko — koszykówka,,Poznań,,koszykówka,,,,,Nowy,Nieznany,,,,,,,
Boisko — koszykówka,,Poznań,,koszykówka,,,,,Nowy,Nieznany,,,,,,,
Boisko — koszykówka,,Poznań,,koszykówka,,,,,Nowy,Nieznany,,,,,,,
Boisko — koszykówka,,Poznań,,koszykówka,,,,,Nowy,Nieznany,,,,,,,
Boisko — koszykówka,,Poznań,,koszykówka,,,,,Nowy,Nieznany,,,,,,,
Boisko — koszykówka,,Poznań,,koszykówka,,,,,Nowy,Nieznany,,,,,,,
Boisko — koszykówka,,Poznań,,koszykówka,,,,,Nowy,Nieznany,,,,,,,
Boisko — koszykówka,,Poznań,,koszykówka,,,,,Nowy,Nieznany,,,,,,,
Boisko — koszykówka,,Poznań,,koszykówka,,,,,Nowy,Nieznany,,,,,,,
Boisko — koszykówka,,Poznań,,koszykówka,,,,,Nowy,Nieznany,,,,,,,
Boisko — koszykówka,,Poznań,,koszykówka,,,,,Nowy,Nieznany,,,,,,,
Boisko — koszykówka,,Poznań,,koszykówka,,,,,Nowy,Nieznany,,,,,,,
Boisko — koszykówka,,Poznań,,koszykówka,,,,,Nowy,Nieznany,,,,,,,
Boisko — koszykówka,,Poznań,,koszykówka,,,,,Nowy,Nieznany,,,,,,,
Boisko — koszykówka,,Poznań,,koszykówka,,,,,Nowy,Nieznany,,,,,,,
Boisko — koszykówka,,Poznań,,koszykówka,,,,,Nowy,Nieznany,,,,,,,
Boisko — koszykówka,,Poznań,,koszykówka,,,,,Nowy,Nieznany,,,,,,,
Boisko — koszykówka,,Poznań,,koszykówka,,,,,Nowy,Nieznany,,,,,,,
Boisko — koszykówka,,Poznań,,koszykówka,,,,,Nowy,Nieznany,,,,,,,
Boisko — koszykówka,,Poznań,,koszykówka,,,,,Nowy,Nieznany,,,,,,,
Boisko — koszykówka,,Poznań,,koszykówka,,,,,Nowy,Nieznany,,,,,,,
Boisko — koszykówka,,Poznań,,koszykówka,,,,,Nowy,Nieznany,,,,,,,
Boisko — koszykówka,,Poznań,,koszykówka,,,,,Nowy,Nieznany,,,,,,,
Boisko — koszykówka,,Poznań,,koszykówka,,,,,Nowy,Nieznany,,,,,,,
Boisko — koszykówka,,Poznań,,koszykówka,,,,,Nowy,Nieznany,,,,,,,
Boisko — koszykówka,,Poznań,,koszykówka,,,,,Nowy,Nieznany,,,,,,,
Boisko — koszykówka,,Poznań,,koszykówka,,,,,Nowy,Nieznany,,,,,,,
Boisko — koszykówka,,Poznań,,koszykówka,,,,,Nowy,Nieznany,,,,,,,
Boisko — koszykówka,,Poznań,,koszykówka,,,,,Nowy,Nieznany,,,,,,,
Boisko — koszykówka,,Poznań,,koszykówka,,,,,Nowy,Nieznany,,,,,,,
Boisko — koszykówka,,Poznań,,koszykówka,,,,,Nowy,Nieznany,,,,,,,
Boisko — koszykówka,,Poznań,,koszykówka,,,,,Nowy,Nieznany,,,,,,,
Boisko — koszykówka,,Poznań,,koszykówka,,,,,Nowy,Nieznany,,,,,,,
Boisko — koszykówka,,Poznań,,koszykówka,,,,,Nowy,Nieznany,,,,,,,
Boisko — koszykówka,,Poznań,,koszykówka,,,,,Nowy,Nieznany,,,,,,,
Boisko — koszykówka,,Poznań,,koszykówka,,,,,Nowy,Nieznany,,,,,,,
Boisko — koszykówka,,Poznań,,koszykówka,,,,,Nowy,Nieznany,,,,,,,
Boisko — koszykówka,,Poznań,,koszykówka,,,,,Nowy,Nieznany,,,,,,,
Boisko — koszykówka,,Poznań,,koszykówka,,,,,Nowy,Nieznany,,,,,,,
Boisko — koszykówka,,Poznań,,koszykówka,,,,,Nowy,Nieznany,,,,,,,
Boisko — koszykówka,,Poznań,,koszykówka,,,,,Nowy,Nieznany,,,,,,,
Boisko — koszykówka,,Poznań,,koszykówka,,,,,Nowy,Nieznany,,,,,,,
Boisko — koszykówka,,Poznań,,koszykówka,,,,,Nowy,Nieznany,,,,,,,
Boisko — koszykówka,,Poznań,,koszykówka,,,,,Nowy,Nieznany,,,,,,,
Boisko — koszykówka,,Poznań,,koszykówka,,,,,Nowy,Nieznany,,,,,,,
Boisko — koszykówka,,Poznań,,koszykówka,,,,,Nowy,Nieznany,,,,,,,
Boisko — koszykówka,,Poznań,,koszykówka,,,,,Nowy,Nieznany,,,,,,,
Boisko — koszykówka,,Poznań,,koszykówka,,,,,Nowy,Nieznany,,,,,,,
Boisko — koszykówka,,Poznań,,koszykówka,,,,,Nowy,Nieznany,,,,,,,
Boisko — koszykówka,,Poznań,,koszykówka,,,,,Nowy,Nieznany,,,,,,,
Boisko — koszykówka,,Poznań,,koszykówka,,,,,Nowy,Nieznany,,,,,,,
Boisko — koszykówka,,Poznań,,koszykówka,,,,,Nowy,Nieznany,,,,,,,
Boisko — koszykówka,,Poznań,,koszykówka,,,,,Nowy,Nieznany,,,,,,,
Boisko — koszykówka,,Poznań,,koszykówka,,,,,Nowy,Nieznany,,,,,,,
Boisko — koszykówka,,Poznań,,koszykówka,,,,,Nowy,Nieznany,,,,,,,
Boisko — koszykówka,,Poznań,,koszykówka,,,,,Nowy,Nieznany,,,,,,,
Boisko — koszykówka,,Poznań,,koszykówka,,,,,Nowy,Nieznany,,,,,,,
Boisko — koszykówka,,Poznań,,koszykówka,,,,,Nowy,Nieznany,,,,,,,
Boisko — koszykówka,,Poznań,,koszykówka,,,,,Nowy,Nieznany,,,,,,,
Boisko — koszykówka,,Poznań,,koszykówka,,,,,Nowy,Nieznany,,,,,,,
Boisko — koszykówka,,Poznań,,koszykówka,,,,,Nowy,Nieznany,,,,,,,
Boisko — koszykówka,,Poznań,,koszykówka,,,,,Nowy,Nieznany,,,,,,,
Boisko — koszykówka,,Poznań,,koszykówka,,,,,Nowy,Nieznany,,,,,,,
Boisko — koszykówka,,Poznań,,koszykówka,,,,,Nowy,Nieznany,,,,,,,
Boisko — koszykówka,,Poznań,,koszykówka,,,,,Nowy,Nieznany,,,,,,,
Boisko — koszykówka,,Poznań,,koszykówka,,,,,Nowy,Nieznany,,,,,,,
Boisko — koszykówka,,Poznań,,koszykówka,,,,,Nowy,Nieznany,,,,,,,
Boisko — koszykówka,,Poznań,,koszykówka,,,,,Nowy,Nieznany,,,,,,,
Boisko — koszykówka,,Poznań,,koszykówka,,,,,Nowy,Nieznany,,,,,,,
Boisko — koszykówka,,Poznań,,koszykówka,,,,,Nowy,Nieznany,,,,,,,
Boisko — koszykówka,,Poznań,,koszykówka,,,,,Nowy,Nieznany,,,,,,,
Boisko — koszykówka,,Poznań,,koszykówka,,,,,Nowy,Nieznany,,,,,,,
Boisko — koszykówka,,Poznań,,koszykówka,,,,,Nowy,Nieznany,,,,,,,
Boisko — koszykówka,,Poznań,,koszykówka,,,,,Nowy,Nieznany,,,,,,,
Boisko — koszykówka,,Poznań,,koszykówka,,,,,Nowy,Nieznany,,,,,,,
Boisko — koszykówka,,Poznań,,koszykówka,,,,,Nowy,Nieznany,,,,,,,
Boisko — koszykówka,,Poznań,,koszykówka,,,,,Nowy,Nieznany,,,,,,,
Boisko — koszykówka,,Poznań,,koszykówka,,,,,Nowy,Nieznany,,,,,,,
Boisko — koszykówka,,Poznań,,koszykówka,,,,,Nowy,Nieznany,,,,,,,
Boisko — koszykówka,,Poznań,,koszykówka,,,,,Nowy,Nieznany,,,,,,,
Boisko — koszykówka,,Poznań,,koszykówka,,,,,Nowy,Nieznany,,,,,,,
Boisko — koszykówka,,Poznań,,koszykówka,,,,,Nowy,Nieznany,,,,,,,
Boisko — koszykówka,,Poznań,,koszykówka,,,,,Nowy,Nieznany,,,,,,,
Boisko — koszykówka,,Poznań,,koszykówka,,,,,Nowy,Nieznany,,,,,,,
Boisko — koszykówka,,Poznań,,koszykówka,,,,,Nowy,Nieznany,,,,,,,
Boisko — koszykówka,,Poznań,,koszykówka,,,,,Nowy,Nieznany,,,,,,,
Boisko — koszykówka,,Poznań,,koszykówka,,,,,Nowy,Nieznany,,,,,,,
Boisko — koszykówka,,Poznań,,koszykówka,,,,,Nowy,Nieznany,,,,,,,
Boisko — koszykówka,,Poznań,,koszykówka,,,,,Nowy,Nieznany,,,,,,,
Boisko — koszykówka,,Poznań,,koszykówka,,,,,Nowy,Nieznany,,,,,,,
Boisko — koszykówka,,Poznań,,koszykówka,,,,,Nowy,Nieznany,,,,,,,
Boisko — koszykówka · beton,Piątkowo,os. Jana III Sobieskiego,60-690,koszykówka,,,,,Nowy,Nieznany,,,,,,,
Boisko — koszykówka · beton,,Poznań,,koszykówka,,,,,Nowy,Nieznany,,,,,,,
Boisko — koszykówka · beton,,Poznań,,koszykówka,,,,,Nowy,Nieznany,,,,,,,
Boisko — koszykówka · beton,,Poznań,,koszykówka,,,,,Nowy,Nieznany,,,,,,,
Boisko — koszykówka · beton,,Poznań,,koszykówka,,,,,Nowy,Nieznany,,,,,,,
Boisko — koszykówka · beton,,Poznań,,koszykówka,,,,,Nowy,Nieznany,,,,,,,
Boisko — koszykówka · beton,,Poznań,,koszykówka,,,,,Nowy,Nieznany,,,,,,,
Boisko — koszykówka · beton,,Poznań,,koszykówka,,,,,Nowy,Nieznany,,,,,,,
Boisko — koszykówka · beton,,Poznań,,koszykówka,,,,,Nowy,Nieznany,,,,,,,
Boisko — koszykówka · beton,,Poznań,,koszykówka,,,,,Nowy,Nieznany,,,,,,,
Boisko — koszykówka · beton,,Poznań,,koszykówka,,,,,Nowy,Nieznany,,,,,,,
Boisko — koszykówka · beton,,Poznań,,koszykówka,,,,,Nowy,Nieznany,,,,,,,
Boisko — koszykówka · beton,,Poznań,,koszykówka,,,,,Nowy,Nieznany,,,,,,,
Boisko — koszykówka · beton,,Poznań,,koszykówka,,,,,Nowy,Nieznany,,,,,,,
Boisko — koszykówka · beton,,Poznań,,koszykówka,,,,,Nowy,Nieznany,,,,,,,
Boisko — koszykówka · beton,,Poznań,,koszykówka,,,,,Nowy,Nieznany,,,,,,,
Boisko — koszykówka · beton,,Poznań,,koszykówka,,,,,Nowy,Nieznany,,,,,,,
Boisko — koszykówka · beton,,Poznań,,koszykówka,,,,,Nowy,Nieznany,,,,,,,
Boisko — koszykówka · beton,,Poznań,,koszykówka,,,,,Nowy,Nieznany,,,,,,,
Boisko — koszykówka · beton,,Poznań,,koszykówka,,,,,Nowy,Nieznany,,,,,,,
Boisko — koszykówka · beton,,Poznań,,koszykówka,,,,,Nowy,Nieznany,,,,,,,
Boisko — koszykówka · beton,,Poznań,,koszykówka,,,,,Nowy,Nieznany,,,,,,,
Boisko — koszykówka · beton,,Poznań,,koszykówka,,,,,Nowy,Nieznany,,,,,,,
Boisko — koszykówka · beton,,Poznań,,koszykówka,,,,,Nowy,Nieznany,,,,,,,
Boisko — koszykówka · beton,,Poznań,,koszykówka,,,,,Nowy,Nieznany,,,,,,,
Boisko — koszykówka · mączka ceglana,,Poznań,,koszykówka,,,,,Nowy,Nieznany,,,,,,,
Boisko — koszykówka · sztuczna trawa,,Poznań,,koszykówka,,,,,Nowy,Nieznany,,,,,,,
Boisko — koszykówka · sztuczna trawa,,Poznań,,koszykówka,,,,,Nowy,Nieznany,,,,,,,
Boisko — koszykówka · sztuczna trawa,,Poznań,,koszykówka,,,,,Nowy,Nieznany,,,,,,,
Boisko — koszykówka · tartan / asfalt,,Poznań,,koszykówka,,,,,Nowy,Nieznany,,,,,,,
Boisko — koszykówka · tartan / asfalt,,Poznań,,koszykówka,,,,,Nowy,Nieznany,,,,,,,
Boisko — koszykówka · tartan / asfalt,,Poznań,,koszykówka,,,,,Nowy,Nieznany,,,,,,,
Boisko — koszykówka · tartan / asfalt,,Poznań,,koszykówka,,,,,Nowy,Nieznany,,,,,,,
Boisko — koszykówka · tartan / asfalt,,Poznań,,koszykówka,,,,,Nowy,Nieznany,,,,,,,
Boisko — koszykówka · tartan / asfalt,,Poznań,,koszykówka,,,,,Nowy,Nieznany,,,,,,,
Boisko — koszykówka · tartan / asfalt,,Poznań,,koszykówka,,,,,Nowy,Nieznany,,,,,,,
Boisko — koszykówka · tartan / asfalt,,Poznań,,koszykówka,,,,,Nowy,Nieznany,,,,,,,
Boisko — koszykówka · tartan / asfalt,,Poznań,,koszykówka,,,,,Nowy,Nieznany,,,,,,,
Boisko — koszykówka · tartan / asfalt,,Poznań,,koszykówka,,,,,Nowy,Nieznany,,,,,,,
Boisko — koszykówka · tartan / asfalt,,Poznań,,koszykówka,,,,,Nowy,Nieznany,,,,,,,
Boisko — koszykówka · tartan / asfalt,,Poznań,,koszykówka,,,,,Nowy,Nieznany,,,,,,,
Boisko — koszykówka · tartan / asfalt,,Poznań,,koszykówka,,,,,Nowy,Nieznany,,,,,,,
Boisko — koszykówka · tartan / asfalt,,Poznań,,koszykówka,,,,,Nowy,Nieznany,,,,,,,
Boisko — koszykówka · tartan / asfalt,,Poznań,,koszykówka,,,,,Nowy,Nieznany,,,,,,,
Boisko — koszykówka · tartan / asfalt,,Poznań,,koszykówka,,,,,Nowy,Nieznany,,,,,,,
Boisko — koszykówka · tartan / asfalt,,Poznań,,koszykówka,,,,,Nowy,Nieznany,,,,,,,
Boisko — koszykówka · tartan / asfalt,,Poznań,,koszykówka,,,,,Nowy,Nieznany,,,,,,,
Boisko — koszykówka · tartan / asfalt,,Poznań,,koszykówka,,,,,Nowy,Nieznany,,,,,,,
Boisko — koszykówka · tartan / asfalt,,Poznań,,koszykówka,,,,,Nowy,Nieznany,,,,,,,
Boisko — koszykówka · tartan / asfalt,,Poznań,,koszykówka,,,,,Nowy,Nieznany,,,,,,,
Boisko — koszykówka · tartan / asfalt,,Poznań,,koszykówka,,,,,Nowy,Nieznany,,,,,,,
Boisko — koszykówka · tartan / asfalt,,Poznań,,koszykówka,,,,,Nowy,Nieznany,,,,,,,
Boisko — koszykówka · tartan / asfalt,,Poznań,,koszykówka,,,,,Nowy,Nieznany,,,,,,,
Boisko — koszykówka · tartan / asfalt,,Poznań,,koszykówka,,,,,Nowy,Nieznany,,,,,,,
Boisko — koszykówka · tartan / asfalt,,Poznań,,koszykówka,,,,,Nowy,Nieznany,,,,,,,
Boisko — koszykówka · tartan / asfalt,,Poznań,,koszykówka,,,,,Nowy,Nieznany,,,,,,,
Boisko — koszykówka · trawa naturalna,,Poznań,,koszykówka,,,,,Nowy,Nieznany,,,,,,,
Boisko — koszykówka · trawa naturalna,,Poznań,,koszykówka,,,,,Nowy,Nieznany,,,,,,,
Boisko — koszykówka · trawa naturalna,,Poznań,,koszykówka,,,,,Nowy,Nieznany,,,,,,,
Boisko — koszykówka · trawa naturalna,,Poznań,,koszykówka,,,,,Nowy,Nieznany,,,,,,,
Boisko — piłka nożna,,ul. Cedrowa,62-020,piłka nożna,,,,,Nowy,Nieznany,,,,,,,
Boisko — piłka nożna,Stare Miasto,ul. Cicha,61-714,piłka nożna,,,,,Nowy,Nieznany,,,,,,,
Boisko — piłka nożna,,ul. Spacerowa,64-600,piłka nożna,,,,,Nowy,Nieznany,,,,,,,
Boisko — piłka nożna,Starołęka Mała,ul. Obodrzycka,61-357,piłka nożna,,,,,Nowy,Nieznany,,,,,,,
Boisko — piłka nożna,,ul. Poznańska,60-185,piłka nożna,,,,,Nowy,Nieznany,,,,,,,
Boisko — piłka nożna,Winogrady,ul. Stanisława Kasznicy,61-650,piłka nożna,,,,,Nowy,Nieznany,,,,,,,
Boisko — piłka nożna,Naramowice,os. Władysława Łokietka,61-616,piłka nożna,,,,,Nowy,Nieznany,,,,,,,
Boisko — piłka nożna,Górczynek,ul. Obrzańska,60-112,piłka nożna,,,,,Nowy,Nieznany,,,,,,,
Boisko — piłka nożna,Ławica,ul. Wałbrzyska,60-319,piłka nożna,,,,,Nowy,Nieznany,,,,,,,
Boisko — piłka nożna,Ławica,ul. Wałbrzyska,60-319,piłka nożna,,,,,Nowy,Nieznany,,,,,,,
Boisko — piłka nożna,,Poznań,,piłka nożna,,,,,Nowy,Nieznany,,,,,,,
Boisko — piłka nożna,,Poznań,,piłka nożna,,,,,Nowy,Nieznany,,,,,,,
Boisko — piłka nożna,,Poznań,,piłka nożna,,,,,Nowy,Nieznany,,,,,,,
Boisko — piłka nożna,,Poznań,,piłka nożna,,,,,Nowy,Nieznany,,,,,,,
Boisko — piłka nożna,,Poznań,,piłka nożna,,,,,Nowy,Nieznany,,,,,,,
Boisko — piłka nożna,,Poznań,,piłka nożna,,,,,Nowy,Nieznany,,,,,,,
Boisko — piłka nożna,,Poznań,,piłka nożna,,,,,Nowy,Nieznany,,,,,,,
Boisko — piłka nożna,,Poznań,,piłka nożna,,,,,Nowy,Nieznany,,,,,,,
Boisko — piłka nożna,,Poznań,,piłka nożna,,,,,Nowy,Nieznany,,,,,,,
Boisko — piłka nożna,,Poznań,,piłka nożna,,,,,Nowy,Nieznany,,,,,,,
Boisko — piłka nożna,,Poznań,,piłka nożna,,,,,Nowy,Nieznany,,,,,,,
Boisko — piłka nożna,,Poznań,,piłka nożna,,,,,Nowy,Nieznany,,,,,,,
Boisko — piłka nożna,,Poznań,,piłka nożna,,,,,Nowy,Nieznany,,,,,,,
Boisko — piłka nożna,,Poznań,,piłka nożna,,,,,Nowy,Nieznany,,,,,,,
Boisko — piłka nożna,,Poznań,,piłka nożna,,,,,Nowy,Nieznany,,,,,,,
Boisko — piłka nożna,,Poznań,,piłka nożna,,,,,Nowy,Nieznany,,,,,,,
Boisko — piłka nożna,,Poznań,,piłka nożna,,,,,Nowy,Nieznany,,,,,,,
Boisko — piłka nożna,,Poznań,,piłka nożna,,,,,Nowy,Nieznany,,,,,,,
Boisko — piłka nożna,,Poznań,,piłka nożna,,,,,Nowy,Nieznany,,,,,,,
Boisko — piłka nożna,,Poznań,,piłka nożna,,,,,Nowy,Nieznany,,,,,,,
Boisko — piłka nożna,,Poznań,,piłka nożna,,,,,Nowy,Nieznany,,,,,,,
Boisko — piłka nożna,,Poznań,,piłka nożna,,,,,Nowy,Nieznany,,,,,,,
Boisko — piłka nożna,,Poznań,,piłka nożna,,,,,Nowy,Nieznany,,,,,,,
Boisko — piłka nożna,,Poznań,,piłka nożna,,,,,Nowy,Nieznany,,,,,,,
Boisko — piłka nożna,,Poznań,,piłka nożna,,,,,Nowy,Nieznany,,,,,,,
Boisko — piłka nożna,,Poznań,,piłka nożna,,,,,Nowy,Nieznany,,,,,,,
Boisko — piłka nożna,,Poznań,,piłka nożna,,,,,Nowy,Nieznany,,,,,,,
Boisko — piłka nożna,,Poznań,,piłka nożna,,,,,Nowy,Nieznany,,,,,,,
Boisko — piłka nożna,,Poznań,,piłka nożna,,,,,Nowy,Nieznany,,,,,,,
Boisko — piłka nożna,,Poznań,,piłka nożna,,,,,Nowy,Nieznany,,,,,,,
Boisko — piłka nożna,,Poznań,,piłka nożna,,,,,Nowy,Nieznany,,,,,,,
Boisko — piłka nożna,,Poznań,,piłka nożna,,,,,Nowy,Nieznany,,,,,,,
Boisko — piłka nożna,,Poznań,,piłka nożna,,,,,Nowy,Nieznany,,,,,,,
Boisko — piłka nożna,,Poznań,,piłka nożna,,,,,Nowy,Nieznany,,,,,,,
Boisko — piłka nożna,,Poznań,,piłka nożna,,,,,Nowy,Nieznany,,,,,,,
Boisko — piłka nożna,,Poznań,,piłka nożna,,,,,Nowy,Nieznany,,,,,,,
Boisko — piłka nożna,,Poznań,,piłka nożna,,,,,Nowy,Nieznany,,,,,,,
Boisko — piłka nożna,,Poznań,,piłka nożna,,,,,Nowy,Nieznany,,,,,,,
Boisko — piłka nożna,,Poznań,,piłka nożna,,,,,Nowy,Nieznany,,,,,,,
Boisko — piłka nożna,,Poznań,,piłka nożna,,,,,Nowy,Nieznany,,,,,,,
Boisko — piłka nożna,,Poznań,,piłka nożna,,,,,Nowy,Nieznany,,,,,,,
Boisko — piłka nożna,,Poznań,,piłka nożna,,,,,Nowy,Nieznany,,,,,,,
Boisko — piłka nożna,,Poznań,,piłka nożna,,,,,Nowy,Nieznany,,,,,,,
Boisko — piłka nożna,,Poznań,,piłka nożna,,,,,Nowy,Nieznany,,,,,,,
Boisko — piłka nożna,,Poznań,,piłka nożna,,,,,Nowy,Nieznany,,,,,,,
Boisko — piłka nożna,,Poznań,,piłka nożna,,,,,Nowy,Nieznany,,,,,,,
Boisko — piłka nożna,,Poznań,,piłka nożna,,,,,Nowy,Nieznany,,,,,,,
Boisko — piłka nożna,,Poznań,,piłka nożna,,,,,Nowy,Nieznany,,,,,,,
Boisko — piłka nożna,,Poznań,,piłka nożna,,,,,Nowy,Nieznany,,,,,,,
Boisko — piłka nożna,,Poznań,,piłka nożna,,,,,Nowy,Nieznany,,,,,,,
Boisko — piłka nożna,,Poznań,,piłka nożna,,,,,Nowy,Nieznany,,,,,,,
Boisko — piłka nożna,,Poznań,,piłka nożna,,,,,Nowy,Nieznany,,,,,,,
Boisko — piłka nożna,,Poznań,,piłka nożna,,,,,Nowy,Nieznany,,,,,,,
Boisko — piłka nożna,,Poznań,,piłka nożna,,,,,Nowy,Nieznany,,,,,,,
Boisko — piłka nożna,,Poznań,,piłka nożna,,,,,Nowy,Nieznany,,,,,,,
Boisko — piłka nożna,,Poznań,,piłka nożna,,,,,Nowy,Nieznany,,,,,,,
Boisko — piłka nożna,,Poznań,,piłka nożna,,,,,Nowy,Nieznany,,,,,,,
Boisko — piłka nożna,,Poznań,,piłka nożna,,,,,Nowy,Nieznany,,,,,,,
Boisko — piłka nożna,,Poznań,,piłka nożna,,,,,Nowy,Nieznany,,,,,,,
Boisko — piłka nożna,,Poznań,,piłka nożna,,,,,Nowy,Nieznany,,,,,,,
Boisko — piłka nożna,,Poznań,,piłka nożna,,,,,Nowy,Nieznany,,,,,,,
Boisko — piłka nożna,,Poznań,,piłka nożna,,,,,Nowy,Nieznany,,,,,,,
Boisko — piłka nożna,,Poznań,,piłka nożna,,,,,Nowy,Nieznany,,,,,,,
Boisko — piłka nożna,,Poznań,,piłka nożna,,,,,Nowy,Nieznany,,,,,,,
Boisko — piłka nożna,,Poznań,,piłka nożna,,,,,Nowy,Nieznany,,,,,,,
Boisko — piłka nożna,,Poznań,,piłka nożna,,,,,Nowy,Nieznany,,,,,,,
Boisko — piłka nożna,,Poznań,,piłka nożna,,,,,Nowy,Nieznany,,,,,,,
Boisko — piłka nożna,,Poznań,,piłka nożna,,,,,Nowy,Nieznany,,,,,,,
Boisko — piłka nożna,,Poznań,,piłka nożna,,,,,Nowy,Nieznany,,,,,,,
Boisko — piłka nożna,,Poznań,,piłka nożna,,,,,Nowy,Nieznany,,,,,,,
Boisko — piłka nożna,,Poznań,,piłka nożna,,,,,Nowy,Nieznany,,,,,,,
Boisko — piłka nożna,,Poznań,,piłka nożna,,,,,Nowy,Nieznany,,,,,,,
Boisko — piłka nożna,,Poznań,,piłka nożna,,,,,Nowy,Nieznany,,,,,,,
Boisko — piłka nożna,,Poznań,,piłka nożna,,,,,Nowy,Nieznany,,,,,,,
Boisko — piłka nożna,,Poznań,,piłka nożna,,,,,Nowy,Nieznany,,,,,,,
Boisko — piłka nożna,,Poznań,,piłka nożna,,,,,Nowy,Nieznany,,,,,,,
Boisko — piłka nożna,,Poznań,,piłka nożna,,,,,Nowy,Nieznany,,,,,,,
Boisko — piłka nożna,,Poznań,,piłka nożna,,,,,Nowy,Nieznany,,,,,,,
Boisko — piłka nożna,,Poznań,,piłka nożna,,,,,Nowy,Nieznany,,,,,,,
Boisko — piłka nożna,,Poznań,,piłka nożna,,,,,Nowy,Nieznany,,,,,,,
Boisko — piłka nożna,,Poznań,,piłka nożna,,,,,Nowy,Nieznany,,,,,,,
Boisko — piłka nożna,,Poznań,,piłka nożna,,,,,Nowy,Nieznany,,,,,,,
Boisko — piłka nożna,,Poznań,,piłka nożna,,,,,Nowy,Nieznany,,,,,,,
Boisko — piłka nożna,,Poznań,,piłka nożna,,,,,Nowy,Nieznany,,,,,,,
Boisko — piłka nożna,,Poznań,,piłka nożna,,,,,Nowy,Nieznany,,,,,,,
Boisko — piłka nożna,,Poznań,,piłka nożna,,,,,Nowy,Nieznany,,,,,,,
Boisko — piłka nożna,,Poznań,,piłka nożna,,,,,Nowy,Nieznany,,,,,,,
Boisko — piłka nożna,,Poznań,,piłka nożna,,,,,Nowy,Nieznany,,,,,,,
Boisko — piłka nożna,,Poznań,,piłka nożna,,,,,Nowy,Nieznany,,,,,,,
Boisko — piłka nożna,,Poznań,,piłka nożna,,,,,Nowy,Nieznany,,,,,,,
Boisko — piłka nożna,,Poznań,,piłka nożna,,,,,Nowy,Nieznany,,,,,,,
Boisko — piłka nożna,,Poznań,,piłka nożna,,,,,Nowy,Nieznany,,,,,,,
Boisko — piłka nożna,,Poznań,,piłka nożna,,,,,Nowy,Nieznany,,,,,,,
Boisko — piłka nożna,,Poznań,,piłka nożna,,,,,Nowy,Nieznany,,,,,,,
Boisko — piłka nożna,,Poznań,,piłka nożna,,,,,Nowy,Nieznany,,,,,,,
Boisko — piłka nożna,,Poznań,,piłka nożna,,,,,Nowy,Nieznany,,,,,,"Strona główna obiektu nie zawiera widocznych informacji na temat systemu rezerwacji; dostępne są sekcje ""Wynajem"" i ""Obiekty"" ale bez konkretnych danych kontaktowych lub linków do systemu rezerwacji.",
Boisko — piłka nożna,,Poznań,,piłka nożna,,,,,Nowy,Nieznany,,,,,,,
Boisko — piłka nożna,,Poznań,,piłka nożna,,,,,Nowy,Nieznany,,,,,,,
Boisko — piłka nożna,,Poznań,,piłka nożna,,,,,Nowy,Nieznany,,,,,,,
Boisko — piłka nożna,,Poznań,,piłka nożna,,,,,Nowy,Nieznany,,,,,,,
Boisko — piłka nożna,,Poznań,,piłka nożna,,,,,Nowy,Nieznany,,,,,,,
Boisko — piłka nożna,,Poznań,,piłka nożna,,,,,Nowy,Nieznany,,,,,,,
Boisko — piłka nożna,,Poznań,,piłka nożna,,,,,Nowy,Nieznany,,,,,,,
Boisko — piłka nożna,,Poznań,,piłka nożna,,,,,Nowy,Nieznany,,,,,,,
Boisko — piłka nożna,,Poznań,,piłka nożna,,,,,Nowy,Nieznany,,,,,,,
Boisko — piłka nożna,,Poznań,,piłka nożna,,,,,Nowy,Nieznany,,,,,,,
Boisko — piłka nożna,,Poznań,,piłka nożna,,,,,Nowy,Nieznany,,,,,,,
Boisko — piłka nożna,,Poznań,,piłka nożna,,,,,Nowy,Nieznany,,,,,,,
Boisko — piłka nożna,,Poznań,,piłka nożna,,,,,Nowy,Nieznany,,,,,,,
Boisko — piłka nożna,,Poznań,,piłka nożna,,,,,Nowy,Nieznany,,,,,,,
Boisko — piłka nożna,,Poznań,,piłka nożna,,,,,Nowy,Nieznany,,,,,,,
Boisko — piłka nożna,,Poznań,,piłka nożna,,,,,Nowy,Nieznany,,,,,,,
Boisko — piłka nożna,,Poznań,,piłka nożna,,,,,Nowy,Nieznany,,,,,,,
Boisko — piłka nożna,,Poznań,,piłka nożna,,,,,Nowy,Nieznany,,,,,,,
Boisko — piłka nożna,,Poznań,,piłka nożna,,,,,Nowy,Nieznany,,,,,,,
Boisko — piłka nożna,,Poznań,,piłka nożna,,,,,Nowy,Nieznany,,,,,,,
Boisko — piłka nożna,,Poznań,,piłka nożna,,,,,Nowy,Nieznany,,,,,,,
Boisko — piłka nożna,,Poznań,,piłka nożna,,,,,Nowy,Nieznany,,,,,,,
Boisko — piłka nożna,,Poznań,,piłka nożna,,,,,Nowy,Nieznany,,,,,,,
Boisko — piłka nożna,,Poznań,,piłka nożna,,,,,Nowy,Nieznany,,,,,,,
Boisko — piłka nożna,,Poznań,,piłka nożna,,,,,Nowy,Nieznany,,,,,,,
Boisko — piłka nożna,,Poznań,,piłka nożna,,,,,Nowy,Nieznany,,,,,,,
Boisko — piłka nożna,,Poznań,,piłka nożna,,,,,Nowy,Nieznany,,,,,,,
Boisko — piłka nożna,,Poznań,,piłka nożna,,,,,Nowy,Nieznany,,,,,,,
Boisko — piłka nożna,,Poznań,,piłka nożna,,,,,Nowy,Nieznany,,,,,,,
Boisko — piłka nożna,,Poznań,,piłka nożna,,,,,Nowy,Nieznany,,,,,,,
Boisko — piłka nożna,,Poznań,,piłka nożna,,,,,Nowy,Nieznany,,,,,,,
Boisko — piłka nożna,,Poznań,,piłka nożna,,,,,Nowy,Nieznany,,,,,,,
Boisko — piłka nożna,,Poznań,,piłka nożna,,,,,Nowy,Nieznany,,,,,,,
Boisko — piłka nożna,,Poznań,,piłka nożna,,,,,Nowy,Nieznany,,,,,,,
Boisko — piłka nożna,,Poznań,,piłka nożna,,,,,Nowy,Nieznany,,,,,,,
Boisko — piłka nożna,,Poznań,,piłka nożna,,,,,Nowy,Nieznany,,,,,,,
Boisko — piłka nożna,,Poznań,,piłka nożna,,,,,Nowy,Nieznany,,,,,,,
Boisko — piłka nożna,,Poznań,,piłka nożna,,,,,Nowy,Nieznany,,,,,,,
Boisko — piłka nożna,,Poznań,,piłka nożna,,,,,Nowy,Nieznany,,,,,,,
Boisko — piłka nożna,,Poznań,,piłka nożna,,,,,Nowy,Nieznany,,,,,,,
Boisko — piłka nożna,,Poznań,,piłka nożna,,,,,Nowy,Nieznany,,,,,,,
Boisko — piłka nożna,,Poznań,,piłka nożna,,,,,Nowy,Nieznany,,,,,,,
Boisko — piłka nożna,,Poznań,,piłka nożna,,,,,Nowy,Nieznany,,,,,,,
Boisko — piłka nożna,,Poznań,,piłka nożna,,,,,Nowy,Nieznany,,,,,,,
Boisko — piłka nożna,,Poznań,,piłka nożna,,,,,Nowy,Nieznany,,,,,,,
Boisko — piłka nożna,,Poznań,,piłka nożna,,,,,Nowy,Nieznany,,,,,,,
Boisko — piłka nożna,,Poznań,,piłka nożna,,,,,Nowy,Nieznany,,,,,,,
Boisko — piłka nożna,,Poznań,,piłka nożna,,,,,Nowy,Nieznany,,,,,,,
Boisko — piłka nożna,,Poznań,,piłka nożna,,,,,Nowy,Nieznany,,,,,,,
Boisko — piłka nożna,,Poznań,,piłka nożna,,,,,Nowy,Nieznany,,,,,,,
Boisko — piłka nożna,,Poznań,,piłka nożna,,,,,Nowy,Nieznany,,,,,,,
Boisko — piłka nożna,,Poznań,,piłka nożna,,,,,Nowy,Nieznany,,,,,,,
Boisko — piłka nożna,,Poznań,,piłka nożna,,,,,Nowy,Nieznany,,,,,,,
Boisko — piłka nożna,,Poznań,,piłka nożna,,,,,Nowy,Nieznany,,,,,,,
Boisko — piłka nożna,,Poznań,,piłka nożna,,,,,Nowy,Nieznany,,,,,,,
Boisko — piłka nożna,,Poznań,,piłka nożna,,,,,Nowy,Nieznany,,,,,,,
Boisko — piłka nożna,,Poznań,,piłka nożna,,,,,Nowy,Nieznany,,,,,,,
Boisko — piłka nożna,,Poznań,,piłka nożna,,,,,Nowy,Nieznany,,,,,,,
Boisko — piłka nożna,,Poznań,,piłka nożna,,,,,Nowy,Nieznany,,,,,,,
Boisko — piłka nożna,,Poznań,,piłka nożna,,,,,Nowy,Nieznany,,,,,,,
Boisko — piłka nożna,,Poznań,,piłka nożna,,,,,Nowy,Nieznany,,,,,,,
Boisko — piłka nożna,,Poznań,,piłka nożna,,,,,Nowy,Nieznany,,,,,,,
Boisko — piłka nożna,,Poznań,,piłka nożna,,,,,Nowy,Nieznany,,,,,,,
Boisko — piłka nożna,,Poznań,,piłka nożna,,,,,Nowy,Nieznany,,,,,,,
Boisko — piłka nożna,,Poznań,,piłka nożna,,,,,Nowy,Nieznany,,,,,,,
Boisko — piłka nożna,,Poznań,,piłka nożna,,,,,Nowy,Nieznany,,,,,,,
Boisko — piłka nożna,,Poznań,,piłka nożna,,,,,Nowy,Nieznany,,,,,,,
Boisko — piłka nożna,,Poznań,,piłka nożna,,,,,Nowy,Nieznany,,,,,,,
Boisko — piłka nożna,,Poznań,,piłka nożna,,,,,Nowy,Nieznany,,,,,,,
Boisko — piłka nożna,,Poznań,,piłka nożna,,,,,Nowy,Nieznany,,,,,,,
Boisko — piłka nożna,,Poznań,,piłka nożna,,,,,Nowy,Nieznany,,,,,,,
Boisko — piłka nożna,,Poznań,,piłka nożna,,,,,Nowy,Nieznany,,,,,,,
Boisko — piłka nożna,,Poznań,,piłka nożna,,,,,Nowy,Nieznany,,,,,,,
Boisko — piłka nożna,,Poznań,,piłka nożna,,,,,Nowy,Nieznany,,,,,,,
Boisko — piłka nożna,,Poznań,,piłka nożna,,,,,Nowy,Nieznany,,,,,,,
Boisko — piłka nożna,,Poznań,,piłka nożna,,,,,Nowy,Nieznany,,,,,,,
Boisko — piłka nożna,,Poznań,,piłka nożna,,,,,Nowy,Nieznany,,,,,,,
Boisko — piłka nożna,,Poznań,,piłka nożna,,,,,Nowy,Nieznany,,,,,,,
Boisko — piłka nożna,,Poznań,,piłka nożna,,,,,Nowy,Nieznany,,,,,,,
Boisko — piłka nożna,,Poznań,,piłka nożna,,,,,Nowy,Nieznany,,,,,,,
Boisko — piłka nożna,,Poznań,,piłka nożna,,,,,Nowy,Nieznany,,,,,,,
Boisko — piłka nożna,,Poznań,,piłka nożna,,,,,Nowy,Nieznany,,,,,,,
Boisko — piłka nożna,,Poznań,,piłka nożna,,,,,Nowy,Nieznany,,,,,,,
Boisko — piłka nożna,,Poznań,,piłka nożna,,,,,Nowy,Nieznany,,,,,,,
Boisko — piłka nożna,,Poznań,,piłka nożna,,,,,Nowy,Nieznany,,,,,,,
Boisko — piłka nożna,,Poznań,,piłka nożna,,,,,Nowy,Nieznany,,,,,,,
Boisko — piłka nożna,,Poznań,,piłka nożna,,,,,Nowy,Nieznany,,,,,,,
Boisko — piłka nożna,,Poznań,,piłka nożna,,,,,Nowy,Nieznany,,,,,,,
Boisko — piłka nożna,,Poznań,,piłka nożna,,,,,Nowy,Nieznany,,,,,,,
Boisko — piłka nożna,,Poznań,,piłka nożna,,,,,Nowy,Nieznany,,,,,,,
Boisko — piłka nożna,,Poznań,,piłka nożna,,,,,Nowy,Nieznany,,,,,,,
Boisko — piłka nożna,,Poznań,,piłka nożna,,,,,Nowy,Nieznany,,,,,,,
Boisko — piłka nożna,,Poznań,,piłka nożna,,,,,Nowy,Nieznany,,,,,,,
Boisko — piłka nożna,,Poznań,,piłka nożna,,,,,Nowy,Nieznany,,,,,,,
Boisko — piłka nożna,,Poznań,,piłka nożna,,,,,Nowy,Nieznany,,,,,,,
Boisko — piłka nożna,,Poznań,,piłka nożna,,,,,Nowy,Nieznany,,,,,,,
Boisko — piłka nożna,,Poznań,,piłka nożna,,,,,Nowy,Nieznany,,,,,,,
Boisko — piłka nożna,,Poznań,,piłka nożna,,,,,Nowy,Nieznany,,,,,,,
Boisko — piłka nożna,,Poznań,,piłka nożna,,,,,Nowy,Nieznany,,,,,,,
Boisko — piłka nożna,,Poznań,,piłka nożna,,,,,Nowy,Nieznany,,,,,,,
Boisko — piłka nożna,,Poznań,,piłka nożna,,,,,Nowy,Nieznany,,,,,,,
Boisko — piłka nożna,,Poznań,,piłka nożna,,,,,Nowy,Nieznany,,,,,,,
Boisko — piłka nożna,,Poznań,,piłka nożna,,,,,Nowy,Nieznany,,,,,,,
Boisko — piłka nożna,,Poznań,,piłka nożna,,,,,Nowy,Nieznany,,,,,,,
Boisko — piłka nożna,,Poznań,,piłka nożna,,,,,Nowy,Nieznany,,,,,,,
Boisko — piłka nożna,,Poznań,,piłka nożna,,,,,Nowy,Nieznany,,,,,,,
Boisko — piłka nożna,,Poznań,,piłka nożna,,,,,Nowy,Nieznany,,,,,,,
Boisko — piłka nożna,,Poznań,,piłka nożna,,,,,Nowy,Nieznany,,,,,,,
Boisko — piłka nożna,,Poznań,,piłka nożna,,,,,Nowy,Nieznany,,,,,,,
Boisko — piłka nożna,,Poznań,,piłka nożna,,,,,Nowy,Nieznany,,,,,,,
Boisko — piłka nożna,,Poznań,,piłka nożna,,,,,Nowy,Nieznany,,,,,,,
Boisko — piłka nożna,,Poznań,,piłka nożna,,,,,Nowy,Nieznany,,,,,,,
Boisko — piłka nożna,,Poznań,,piłka nożna,,,,,Nowy,Nieznany,,,,,,,
Boisko — piłka nożna,,Poznań,,piłka nożna,,,,,Nowy,Nieznany,,,,,,,
Boisko — piłka nożna,,Poznań,,piłka nożna,,,,,Nowy,Nieznany,,,,,,,
Boisko — piłka nożna,,Poznań,,piłka nożna,,,,,Nowy,Nieznany,,,,,,,
Boisko — piłka nożna,,Poznań,,piłka nożna,,,,,Nowy,Nieznany,,,,,,,
Boisko — piłka nożna,,Poznań,,piłka nożna,,,,,Nowy,Nieznany,,,,,,,
Boisko — piłka nożna,,Poznań,,piłka nożna,,,,,Nowy,Nieznany,,,,,,,
Boisko — piłka nożna,,Poznań,,piłka nożna,,,,,Nowy,Nieznany,,,,,,,
Boisko — piłka nożna,,Poznań,,piłka nożna,,,,,Nowy,Nieznany,,,,,,,
Boisko — piłka nożna,,Poznań,,piłka nożna,,,,,Nowy,Nieznany,,,,,,,
Boisko — piłka nożna,,Poznań,,piłka nożna,,,,,Nowy,Nieznany,,,,,,,
Boisko — piłka nożna,,Poznań,,piłka nożna,,,,,Nowy,Nieznany,,,,,,,
Boisko — piłka nożna,,Poznań,,piłka nożna,,,,,Nowy,Nieznany,,,,,,,
Boisko — piłka nożna,,Poznań,,piłka nożna,,,,,Nowy,Nieznany,,,,,,,
Boisko — piłka nożna,,Poznań,,piłka nożna,,,,,Nowy,Nieznany,,,,,,,
Boisko — piłka nożna,,Poznań,,piłka nożna,,,,,Nowy,Nieznany,,,,,,,
Boisko — piłka nożna,,Poznań,,piłka nożna,,,,,Nowy,Nieznany,,,,,,,
Boisko — piłka nożna,,Poznań,,piłka nożna,,,,,Nowy,Nieznany,,,,,,,
Boisko — piłka nożna,,Poznań,,piłka nożna,,,,,Nowy,Nieznany,,,,,,,
Boisko — piłka nożna,,Poznań,,piłka nożna,,,,,Nowy,Nieznany,,,,,,,
Boisko — piłka nożna,,Poznań,,piłka nożna,,,,,Nowy,Nieznany,,,,,,,
Boisko — piłka nożna,,Poznań,,piłka nożna,,,,,Nowy,Nieznany,,,,,,,
Boisko — piłka nożna,,Poznań,,piłka nożna,,,,,Nowy,Nieznany,,,,,,,
Boisko — piłka nożna,,Poznań,,piłka nożna,,,,,Nowy,Nieznany,,,,,,,
Boisko — piłka nożna,,Poznań,,piłka nożna,,,,,Nowy,Nieznany,,,,,,,
Boisko — piłka nożna,,Poznań,,piłka nożna,,,,,Nowy,Nieznany,,,,,,,
Boisko — piłka nożna,,Poznań,,piłka nożna,,,,,Nowy,Nieznany,,,,,,,
Boisko — piłka nożna,,Poznań,,piłka nożna,,,,,Nowy,Nieznany,,,,,,,
Boisko — piłka nożna,,Poznań,,piłka nożna,,,,,Nowy,Nieznany,,,,,,,
Boisko — piłka nożna,,Poznań,,piłka nożna,,,,,Nowy,Nieznany,,,,,,,
Boisko — piłka nożna,,Poznań,,piłka nożna,,,,,Nowy,Nieznany,,,,,,,
Boisko — piłka nożna,,Poznań,,piłka nożna,,,,,Nowy,Nieznany,,,,,,,
Boisko — piłka nożna,,Poznań,,piłka nożna,,,,,Nowy,Nieznany,,,,,,,
Boisko — piłka nożna,,Poznań,,piłka nożna,,,,,Nowy,Nieznany,,,,,,,
Boisko — piłka nożna,,Poznań,,piłka nożna,,,,,Nowy,Nieznany,,,,,,,
Boisko — piłka nożna,,Poznań,,piłka nożna,,,,,Nowy,Nieznany,,,,,,,
Boisko — piłka nożna,,Poznań,,piłka nożna,,,,,Nowy,Nieznany,,,,,,,
Boisko — piłka nożna,,Poznań,,piłka nożna,,,,,Nowy,Nieznany,,,,,,,
Boisko — piłka nożna,,Poznań,,piłka nożna,,,,,Nowy,Nieznany,,,,,,,
Boisko — piłka nożna,,Poznań,,piłka nożna,,,,,Nowy,Nieznany,,,,,,,
Boisko — piłka nożna,,Poznań,,piłka nożna,,,,,Nowy,Nieznany,,,,,,,
Boisko — piłka nożna,,Poznań,,piłka nożna,,,,,Nowy,Nieznany,,,,,,,
Boisko — piłka nożna,,Poznań,,piłka nożna,,,,,Nowy,Nieznany,,,,,,,
Boisko — piłka nożna,,Poznań,,piłka nożna,,,,,Nowy,Nieznany,,,,,,,
Boisko — piłka nożna,,Poznań,,piłka nożna,,,,,Nowy,Nieznany,,,,,,,
Boisko — piłka nożna,,Poznań,,piłka nożna,,,,,Nowy,Nieznany,,,,,,,
Boisko — piłka nożna,,Poznań,,piłka nożna,,,,,Nowy,Nieznany,,,,,,,
Boisko — piłka nożna,,Poznań,,piłka nożna,,,,,Nowy,Nieznany,,,,,,,
Boisko — piłka nożna,,Poznań,,piłka nożna,,,,,Nowy,Nieznany,,,,,,,
Boisko — piłka nożna,,Poznań,,piłka nożna,,,,,Nowy,Nieznany,,,,,,,
Boisko — piłka nożna,,Poznań,,piłka nożna,,,,,Nowy,Nieznany,,,,,,,
Boisko — piłka nożna,,Poznań,,piłka nożna,,,,,Nowy,Nieznany,,,,,,,
Boisko — piłka nożna,,Poznań,,piłka nożna,,,,,Nowy,Nieznany,,,,,,,
Boisko — piłka nożna,,Poznań,,piłka nożna,,,,,Nowy,Nieznany,,,,,,,
Boisko — piłka nożna,,Poznań,,piłka nożna,,,,,Nowy,Nieznany,,,,,,,
Boisko — piłka nożna,,Poznań,,piłka nożna,,,,,Nowy,Nieznany,,,,,,,
Boisko — piłka nożna,,Poznań,,piłka nożna,,,,,Nowy,Nieznany,,,,,,,
Boisko — piłka nożna,,Poznań,,piłka nożna,,,,,Nowy,Nieznany,,,,,,,
Boisko — piłka nożna,,Poznań,,piłka nożna,,,,,Nowy,Nieznany,,,,,,,
Boisko — piłka nożna,,Poznań,,piłka nożna,,,,,Nowy,Nieznany,,,,,,,
Boisko — piłka nożna,,Poznań,,piłka nożna,,,,,Nowy,Nieznany,,,,,,,
Boisko — piłka nożna,,Poznań,,piłka nożna,,,,,Nowy,Nieznany,,,,,,,
Boisko — piłka nożna,,Poznań,,piłka nożna,,,,,Nowy,Nieznany,,,,,,,
Boisko — piłka nożna,,Poznań,,piłka nożna,,,,,Nowy,Nieznany,,,,,,,
Boisko — piłka nożna,,Poznań,,piłka nożna,,,,,Nowy,Nieznany,,,,,,,
Boisko — piłka nożna,,Poznań,,piłka nożna,,,,,Nowy,Nieznany,,,,,,,
Boisko — piłka nożna,,Poznań,,piłka nożna,,,,,Nowy,Nieznany,,,,,,,
Boisko — piłka nożna,,Poznań,,piłka nożna,,,,,Nowy,Nieznany,,,,,,,
Boisko — piłka nożna,,Poznań,,piłka nożna,,,,,Nowy,Nieznany,,,,,,,
Boisko — piłka nożna,,Poznań,,piłka nożna,,,,,Nowy,Nieznany,,,,,,,
Boisko — piłka nożna,,Poznań,,piłka nożna,,,,,Nowy,Nieznany,,,,,,,
Boisko — piłka nożna,,Poznań,,piłka nożna,,,,,Nowy,Nieznany,,,,,,,
Boisko — piłka nożna,,Poznań,,piłka nożna,,,,,Nowy,Nieznany,,,,,,,
Boisko — piłka nożna,,Poznań,,piłka nożna,,,,,Nowy,Nieznany,,,,,,,
Boisko — piłka nożna,,Poznań,,piłka nożna,,,,,Nowy,Nieznany,,,,,,,
Boisko — piłka nożna,,Poznań,,piłka nożna,,,,,Nowy,Nieznany,,,,,,,
Boisko — piłka nożna,,Poznań,,piłka nożna,,,,,Nowy,Nieznany,,,,,,,
Boisko — piłka nożna,,Poznań,,piłka nożna,,,,,Nowy,Nieznany,,,,,,,
Boisko — piłka nożna,,Poznań,,piłka nożna,,,,,Nowy,Nieznany,,,,,,,
Boisko — piłka nożna,,Poznań,,piłka nożna,,,,,Nowy,Nieznany,,,,,,,
Boisko — piłka nożna,,Poznań,,piłka nożna,,,,,Nowy,Nieznany,,,,,,,
Boisko — piłka nożna,,Poznań,,piłka nożna,,,,,Nowy,Nieznany,,,,,,,
Boisko — piłka nożna,,Poznań,,piłka nożna,,,,,Nowy,Nieznany,,,,,,,
Boisko — piłka nożna,,Poznań,,piłka nożna,,,,,Nowy,Nieznany,,,,,,,
Boisko — piłka nożna,,Poznań,,piłka nożna,,,,,Nowy,Nieznany,,,,,,,
Boisko — piłka nożna,,Poznań,,piłka nożna,,,,,Nowy,Nieznany,,,,,,,
Boisko — piłka nożna,,Poznań,,piłka nożna,,,,,Nowy,Nieznany,,,,,,,
Boisko — piłka nożna,,Poznań,,piłka nożna,,,,,Nowy,Nieznany,,,,,,,
Boisko — piłka nożna,,Poznań,,piłka nożna,,,,,Nowy,Nieznany,,,,,,,
Boisko — piłka nożna,,Poznań,,piłka nożna,,,,,Nowy,Nieznany,,,,,,,
Boisko — piłka nożna,,Poznań,,piłka nożna,,,,,Nowy,Nieznany,,,,,,,
Boisko — piłka nożna,,Poznań,,piłka nożna,,,,,Nowy,Nieznany,,,,,,,
Boisko — piłka nożna,,Poznań,,piłka nożna,,,,,Nowy,Nieznany,,,,,,,
Boisko — piłka nożna,,Poznań,,piłka nożna,,,,,Nowy,Nieznany,,,,,,,
Boisko — piłka nożna,,Poznań,,piłka nożna,,,,,Nowy,Nieznany,,,,,,,
Boisko — piłka nożna,,Poznań,,piłka nożna,,,,,Nowy,Nieznany,,,,,,,
Boisko — piłka nożna,,Poznań,,piłka nożna,,,,,Nowy,Nieznany,,,,,,,
Boisko — piłka nożna,,Poznań,,piłka nożna,,,,,Nowy,Nieznany,,,,,,,
Boisko — piłka nożna,,Poznań,,piłka nożna,,,,,Nowy,Nieznany,,,,,,,
Boisko — piłka nożna,,Poznań,,piłka nożna,,,,,Nowy,Nieznany,,,,,,,
Boisko — piłka nożna,,Poznań,,piłka nożna,,,,,Nowy,Nieznany,,,,,,,
Boisko — piłka nożna,,Poznań,,piłka nożna,,,,,Nowy,Nieznany,,,,,,,
Boisko — piłka nożna,,Poznań,,piłka nożna,,,,,Nowy,Nieznany,,,,,,,
Boisko — piłka nożna,,Poznań,,piłka nożna,,,,,Nowy,Nieznany,,,,,,,
Boisko — piłka nożna · beton,,Poznań,,piłka nożna,,,,,Nowy,Nieznany,,,,,,,
Boisko — piłka nożna · beton,,Poznań,,piłka nożna,,,,,Nowy,Nieznany,,,,,,,
Boisko — piłka nożna · beton,,Poznań,,piłka nożna,,,,,Nowy,Nieznany,,,,,,,
Boisko — piłka nożna · beton,,Poznań,,piłka nożna,,,,,Nowy,Nieznany,,,,,,,
Boisko — piłka nożna · piasek,,Poznań,,piłka nożna,,,,,Nowy,Nieznany,,,,,,,
Boisko — piłka nożna · sztuczna trawa,Strzeszyn,ul. Hezjoda,60-474,piłka nożna,,,,,Nowy,Nieznany,,,,,,,
Boisko — piłka nożna · sztuczna trawa,Piątkowo,os. Bolesława Chrobrego,60-681,piłka nożna,,,,,Nowy,Nieznany,,,,,,,
Boisko — piłka nożna · sztuczna trawa,,Poznań,,piłka nożna,,,,,Nowy,Nieznany,,,,,,,
Boisko — piłka nożna · sztuczna trawa,Winogrady,ul. Księcia Mieszka I,61-666,piłka nożna,,,,,Nowy,Nieznany,,,,,,,
Boisko — piłka nożna · sztuczna trawa,,Poznań,,piłka nożna,,,,,Nowy,Nieznany,,,,,,,
Boisko — piłka nożna · sztuczna trawa,,Poznań,,piłka nożna,,,,,Nowy,Nieznany,,,,,,,
Boisko — piłka nożna · sztuczna trawa,,Poznań,,piłka nożna,,,,,Nowy,Nieznany,,,,,,,
Boisko — piłka nożna · sztuczna trawa,,Poznań,,piłka nożna,,,,,Nowy,Nieznany,,,,,,,
Boisko — piłka nożna · sztuczna trawa,,Poznań,,piłka nożna,,,,,Nowy,Nieznany,,,,,,,
Boisko — piłka nożna · sztuczna trawa,,Poznań,,piłka nożna,,,,,Nowy,Nieznany,,,,,,,
Boisko — piłka nożna · sztuczna trawa,,Poznań,,piłka nożna,,,,,Nowy,Nieznany,,,,,,,
Boisko — piłka nożna · sztuczna trawa,,Poznań,,piłka nożna,,,,,Nowy,Nieznany,,,,,,,
Boisko — piłka nożna · sztuczna trawa,,Poznań,,piłka nożna,,,,,Nowy,Nieznany,,,,,,,
Boisko — piłka nożna · sztuczna trawa,,Poznań,,piłka nożna,,,,,Nowy,Nieznany,,,,,,,
Boisko — piłka nożna · sztuczna trawa,,Poznań,,piłka nożna,,,,,Nowy,Nieznany,,,,,,,
Boisko — piłka nożna · sztuczna trawa,,Poznań,,piłka nożna,,,,,Nowy,Nieznany,,,,,,,
Boisko — piłka nożna · sztuczna trawa,,Poznań,,piłka nożna,,,,,Nowy,Nieznany,,,,,,,
Boisko — piłka nożna · sztuczna trawa,,Poznań,,piłka nożna,,,,,Nowy,Nieznany,,,,,,,
Boisko — piłka nożna · sztuczna trawa,,Poznań,,piłka nożna,,,,,Nowy,Nieznany,,,,,,,
Boisko — piłka nożna · sztuczna trawa,,Poznań,,piłka nożna,,,,,Nowy,Nieznany,,,,,,,
Boisko — piłka nożna · sztuczna trawa,,Poznań,,piłka nożna,,,,,Nowy,Nieznany,,,,,,,
Boisko — piłka nożna · sztuczna trawa,,Poznań,,piłka nożna,,,,,Nowy,Nieznany,,,,,,,
Boisko — piłka nożna · sztuczna trawa,,Poznań,,piłka nożna,,,,,Nowy,Nieznany,,,,,,,
Boisko — piłka nożna · sztuczna trawa,,Poznań,,piłka nożna,,,,,Nowy,Nieznany,,,,,,,
Boisko — piłka nożna · sztuczna trawa,,Poznań,,piłka nożna,,,,,Nowy,Nieznany,,,,,,,
Boisko — piłka nożna · sztuczna trawa,,Poznań,,piłka nożna,,,,,Nowy,Nieznany,,,,,,,
Boisko — piłka nożna · sztuczna trawa,,Poznań,,piłka nożna,,,,,Nowy,Nieznany,,,,,,,
Boisko — piłka nożna · sztuczna trawa,,Poznań,,piłka nożna,,,,,Nowy,Nieznany,,,,,,,
Boisko — piłka nożna · sztuczna trawa,,Poznań,,piłka nożna,,,,,Nowy,Nieznany,,,,,,,
Boisko — piłka nożna · sztuczna trawa,,Poznań,,piłka nożna,,,,,Nowy,Nieznany,,,,,,,
Boisko — piłka nożna · sztuczna trawa,,Poznań,,piłka nożna,,,,,Nowy,Nieznany,,,,,,,
Boisko — piłka nożna · tartan / asfalt,,Poznań,,piłka nożna,,,,,Nowy,Nieznany,,,,,,,
Boisko — piłka nożna · tartan / asfalt,,Poznań,,piłka nożna,,,,,Nowy,Nieznany,,,,,,,
Boisko — piłka nożna · tartan / asfalt,,Poznań,,piłka nożna,,,,,Nowy,Nieznany,,,,,,,
Boisko — piłka nożna · tartan / asfalt,,Poznań,,piłka nożna,,,,,Nowy,Nieznany,,,,,,,
Boisko — piłka nożna · tartan / asfalt,,Poznań,,piłka nożna,,,,,Nowy,Nieznany,,,,,,,
Boisko — piłka nożna · tartan / asfalt,,Poznań,,piłka nożna,,,,,Nowy,Nieznany,,,,,,,
Boisko — piłka nożna · tartan / asfalt,,Poznań,,piłka nożna,,,,,Nowy,Nieznany,,,,,,,
Boisko — piłka nożna · trawa naturalna,,ul. 11,63-022,piłka nożna,,,,,Nowy,Nieznany,,,,,,,
Boisko — piłka nożna · trawa naturalna,Jagiellońskie,ul. Olimpijska,63-000,piłka nożna,,,,,Nowy,Nieznany,,,,,,,
Boisko — piłka nożna · trawa naturalna,Świerczewo,ul. Karola Buczka,61-413,piłka nożna,,,,,Nowy,Nieznany,,,,,,,
Boisko — piłka nożna · trawa naturalna,,Poznań,,piłka nożna,,,,,Nowy,Nieznany,,,,,,,
Boisko — piłka nożna · trawa naturalna,,Poznań,,piłka nożna,,,,,Nowy,Nieznany,,,,,,,
Boisko — piłka nożna · trawa naturalna,,Poznań,,piłka nożna,,,,,Nowy,Nieznany,,,,,,,
Boisko — piłka nożna · trawa naturalna,,Poznań,,piłka nożna,,,,,Nowy,Nieznany,,,,,,,
Boisko — piłka nożna · trawa naturalna,,Poznań,,piłka nożna,,,,,Nowy,Nieznany,,,,,,,
Boisko — piłka nożna · trawa naturalna,,Poznań,,piłka nożna,,,,,Nowy,Nieznany,,,,,,,
Boisko — piłka nożna · trawa naturalna,,Poznań,,piłka nożna,,,,,Nowy,Nieznany,,,,,,,
Boisko — piłka nożna · trawa naturalna,,Poznań,,piłka nożna,,,,,Nowy,Nieznany,,,,,,,
Boisko — piłka nożna · trawa naturalna,,Poznań,,piłka nożna,,,,,Nowy,Nieznany,,,,,,,
Boisko — piłka nożna · trawa naturalna,,Poznań,,piłka nożna,,,,,Nowy,Nieznany,,,,,,,
Boisko — piłka nożna · trawa naturalna,,Poznań,,piłka nożna,,,,,Nowy,Nieznany,,,,,,,
Boisko — piłka nożna · trawa naturalna,,Poznań,,piłka nożna,,,,,Nowy,Nieznany,,,,,,,
Boisko — piłka nożna · trawa naturalna,,Poznań,,piłka nożna,,,,,Nowy,Nieznany,,,,,,,
Boisko — piłka nożna · trawa naturalna,,Poznań,,piłka nożna,,,,,Nowy,Nieznany,,,,,,,
Boisko — piłka nożna · trawa naturalna,,Poznań,,piłka nożna,,,,,Nowy,Nieznany,,,,,,,
Boisko — piłka nożna · trawa naturalna,,Poznań,,piłka nożna,,,,,Nowy,Nieznany,,,,,,,
Boisko — piłka nożna · trawa naturalna,,Poznań,,piłka nożna,,,,,Nowy,Nieznany,,,,,,,
Boisko — piłka nożna · trawa naturalna,,Poznań,,piłka nożna,,,,,Nowy,Nieznany,,,,,,,
Boisko — piłka nożna · trawa naturalna,,Poznań,,piłka nożna,,,,,Nowy,Nieznany,,,,,,,
Boisko — piłka nożna · trawa naturalna,,Poznań,,piłka nożna,,,,,Nowy,Nieznany,,,,,,,
Boisko — piłka nożna · trawa naturalna,,Poznań,,piłka nożna,,,,,Nowy,Nieznany,,,,,,,
Boisko — piłka nożna · trawa naturalna,,Poznań,,piłka nożna,,,,,Nowy,Nieznany,,,,,,,
Boisko — piłka nożna · trawa naturalna,,Poznań,,piłka nożna,,,,,Nowy,Nieznany,,,,,,,
Boisko — piłka nożna · trawa naturalna,,Poznań,,piłka nożna,,,,,Nowy,Nieznany,,,,,,,
Boisko — piłka nożna · trawa naturalna,,Poznań,,piłka nożna,,,,,Nowy,Nieznany,,,,,,,
Boisko — piłka nożna · trawa naturalna,,Poznań,,piłka nożna,,,,,Nowy,Nieznany,,,,,,,
Boisko — piłka nożna · trawa naturalna,,Poznań,,piłka nożna,,,,,Nowy,Nieznany,,,,,,,
Boisko — piłka nożna · trawa naturalna,,Poznań,,piłka nożna,,,,,Nowy,Nieznany,,,,,,,
Boisko — piłka nożna · trawa naturalna,,Poznań,,piłka nożna,,,,,Nowy,Nieznany,,,,,,,
Boisko — piłka nożna · trawa naturalna,,Poznań,,piłka nożna,,,,,Nowy,Nieznany,,,,,,,
Boisko — piłka nożna · trawa naturalna,,Poznań,,piłka nożna,,,,,Nowy,Nieznany,,,,,,,
Boisko — piłka nożna · trawa naturalna,,Poznań,,piłka nożna,,,,,Nowy,Nieznany,,,,,,,
Boisko — piłka nożna · trawa naturalna,,Poznań,,piłka nożna,,,,,Nowy,Nieznany,,,,,,,
Boisko — piłka nożna · trawa naturalna,,Poznań,,piłka nożna,,,,,Nowy,Nieznany,,,,,,,
Boisko — piłka nożna · trawa naturalna,,Poznań,,piłka nożna,,,,,Nowy,Nieznany,,,,,,,
Boisko — piłka nożna · trawa naturalna,,Poznań,,piłka nożna,,,,,Nowy,Nieznany,,,,,,,
Boisko — piłka nożna · trawa naturalna,,Poznań,,piłka nożna,,,,,Nowy,Nieznany,,,,,,,
Boisko — piłka nożna · trawa naturalna,,Poznań,,piłka nożna,,,,,Nowy,Nieznany,,,,,,,
Boisko — piłka nożna · trawa naturalna,,Poznań,,piłka nożna,,,,,Nowy,Nieznany,,,,,,,
Boisko — piłka nożna · trawa naturalna,,Poznań,,piłka nożna,,,,,Nowy,Nieznany,,,,,,,
Boisko — piłka nożna · trawa naturalna,,Poznań,,piłka nożna,,,,,Nowy,Nieznany,,,,,,,
Boisko — piłka nożna · trawa naturalna,,Poznań,,piłka nożna,,,,,Nowy,Nieznany,,,,,,,
Boisko — piłka nożna · trawa naturalna,,Poznań,,piłka nożna,,,,,Nowy,Nieznany,,,,,,,
Boisko — piłka nożna · trawa naturalna,,Poznań,,piłka nożna,,,,,Nowy,Nieznany,,,,,,,
Boisko — piłka nożna · trawa naturalna,,Poznań,,piłka nożna,,,,,Nowy,Nieznany,,,,,,,
Boisko — piłka nożna · trawa naturalna,,Poznań,,piłka nożna,,,,,Nowy,Nieznany,,,,,,,
Boisko — piłka nożna · trawa naturalna,,Poznań,,piłka nożna,,,,,Nowy,Nieznany,,,,,,,
Boisko — piłka nożna · trawa naturalna,,Poznań,,piłka nożna,,,,,Nowy,Nieznany,,,,,,,
Boisko — piłka nożna · trawa naturalna,,Poznań,,piłka nożna,,,,,Nowy,Nieznany,,,,,,,
Boisko — piłka nożna · trawa naturalna,,Poznań,,piłka nożna,,,,,Nowy,Nieznany,,,,,,,
Boisko — piłka nożna · trawa naturalna,,Poznań,,piłka nożna,,,,,Nowy,Nieznany,,,,,,,
Boisko — piłka nożna · trawa naturalna,,Poznań,,piłka nożna,,,,,Nowy,Nieznany,,,,,,,
Boisko — piłka nożna · trawa naturalna,,Poznań,,piłka nożna,,,,,Nowy,Nieznany,,,,,,,
Boisko — piłka nożna · trawa naturalna,,Poznań,,piłka nożna,,,,,Nowy,Nieznany,,,,,,,
Boisko — piłka nożna · trawa naturalna,,Poznań,,piłka nożna,,,,,Nowy,Nieznany,,,,,,,
Boisko — piłka nożna · trawa naturalna,,Poznań,,piłka nożna,,,,,Nowy,Nieznany,,,,,,,
Boisko — piłka nożna · trawa naturalna,,Poznań,,piłka nożna,,,,,Nowy,Nieznany,,,,,,,
Boisko — piłka nożna · trawa naturalna,,Poznań,,piłka nożna,,,,,Nowy,Nieznany,,,,,,,
Boisko — piłka nożna · trawa naturalna,,Poznań,,piłka nożna,,,,,Nowy,Nieznany,,,,,,,
Boisko — piłka nożna · trawa naturalna,,Poznań,,piłka nożna,,,,,Nowy,Nieznany,,,,,,,
Boisko — piłka nożna · trawa naturalna,,Poznań,,piłka nożna,,,,,Nowy,Nieznany,,,,,,,
Boisko — piłka nożna · trawa naturalna,,Poznań,,piłka nożna,,,,,Nowy,Nieznany,,,,,,,
Boisko — piłka nożna · trawa naturalna,,Poznań,,piłka nożna,,,,,Nowy,Nieznany,,,,,,,
Boisko — piłka nożna · trawa naturalna,,Poznań,,piłka nożna,,,,,Nowy,Nieznany,,,,,,,
Boisko — piłka nożna · trawa naturalna,,Poznań,,piłka nożna,,,,,Nowy,Nieznany,,,,,,,
Boisko — piłka nożna · trawa naturalna,,Poznań,,piłka nożna,,,,,Nowy,Nieznany,,,,,,,
Boisko — piłka nożna · trawa naturalna,,Poznań,,piłka nożna,,,,,Nowy,Nieznany,,,,,,,
Boisko — piłka nożna · trawa naturalna,,Poznań,,piłka nożna,,,,,Nowy,Nieznany,,,,,,,
Boisko — piłka nożna · trawa naturalna,,Poznań,,piłka nożna,,,,,Nowy,Nieznany,,,,,,,
Boisko — piłka ręczna,,Poznań,,piłka ręczna,,,,,Nowy,Nieznany,,,,,,,
Boisko — piłka ręczna,,Poznań,,piłka ręczna,,,,,Nowy,Nieznany,,,,,,,
Boisko — piłka ręczna,,Poznań,,piłka ręczna,,,,,Nowy,Nieznany,,,,,,,
Boisko — piłka ręczna · piasek,,Poznań,,piłka ręczna,,,,,Nowy,Nieznany,,,,,,,
Boisko — piłka ręczna · piasek,,Poznań,,piłka ręczna,,,,,Nowy,Nieznany,,,,,,,
Boisko — piłka ręczna · sztuczna trawa,,Poznań,,piłka ręczna,,,,,Nowy,Nieznany,,,,,,,
Boisko — siatkówka,Osiedle Prymasa Stefana Wyszyńskiego,ul. Platanowa,63-000,siatkówka,,,,,Nowy,Nieznany,,,,,,,
Boisko — siatkówka,,ul. Gimnazjalna 3,64-530,siatkówka,,,,,Nowy,Nieznany,,,,,,,
Boisko — siatkówka,,Poznań,,siatkówka,,,,,Nowy,Nieznany,,,,,,,
Boisko — siatkówka,,Poznań,,siatkówka,,,,,Nowy,Nieznany,,,,,,,
Boisko — siatkówka,,Poznań,,siatkówka,,,,,Nowy,Nieznany,,,,,,,
Boisko — siatkówka,,Poznań,,siatkówka,,,,,Nowy,Nieznany,,,,,,,
Boisko — siatkówka,,Poznań,,siatkówka,,,,,Nowy,Nieznany,,,,,,,
Boisko — siatkówka,,Poznań,,siatkówka,,,,,Nowy,Nieznany,,,,,,,
Boisko — siatkówka,,Poznań,,siatkówka,,,,,Nowy,Nieznany,,,,,,,
Boisko — siatkówka,,Poznań,,siatkówka,,,,,Nowy,Nieznany,,,,,,,
Boisko — siatkówka,,Poznań,,siatkówka,,,,,Nowy,Nieznany,,,,,,,
Boisko — siatkówka,,Poznań,,siatkówka,,,,,Nowy,Nieznany,,,,,,,
Boisko — siatkówka,,Poznań,,siatkówka,,,,,Nowy,Nieznany,,,,,,,
Boisko — siatkówka,,Poznań,,siatkówka,,,,,Nowy,Nieznany,,,,,,,
Boisko — siatkówka,,Poznań,,siatkówka,,,,,Nowy,Nieznany,,,,,,,
Boisko — siatkówka,,Poznań,,siatkówka,,,,,Nowy,Nieznany,,,,,,,
Boisko — siatkówka,,Poznań,,siatkówka,,,,,Nowy,Nieznany,,,,,,,
Boisko — siatkówka,,Poznań,,siatkówka,,,,,Nowy,Nieznany,,,,,,,
Boisko — siatkówka,,Poznań,,siatkówka,,,,,Nowy,Nieznany,,,,,,,
Boisko — siatkówka,,Poznań,,siatkówka,,,,,Nowy,Nieznany,,,,,,,
Boisko — siatkówka,,Poznań,,siatkówka,,,,,Nowy,Nieznany,,,,,,,
Boisko — siatkówka,,Poznań,,siatkówka,,,,,Nowy,Nieznany,,,,,,,
Boisko — siatkówka,,Poznań,,siatkówka,,,,,Nowy,Nieznany,,,,,,,
Boisko — siatkówka,,Poznań,,siatkówka,,,,,Nowy,Nieznany,,,,,,,
Boisko — siatkówka,,Poznań,,siatkówka,,,,,Nowy,Nieznany,,,,,,,
Boisko — siatkówka,,Poznań,,siatkówka,,,,,Nowy,Nieznany,,,,,,,
Boisko — siatkówka,,Poznań,,siatkówka,,,,,Nowy,Nieznany,,,,,,,
Boisko — siatkówka,,Poznań,,siatkówka,,,,,Nowy,Nieznany,,,,,,,
Boisko — siatkówka,,Poznań,,siatkówka,,,,,Nowy,Nieznany,,,,,,,
Boisko — siatkówka,,Poznań,,siatkówka,,,,,Nowy,Nieznany,,,,,,,
Boisko — siatkówka,,Poznań,,siatkówka,,,,,Nowy,Nieznany,,,,,,,
Boisko — siatkówka · piasek,,Poznań,,siatkówka,,,,,Nowy,Nieznany,,,,,,,
Boisko — siatkówka · piasek,,Poznań,,siatkówka,,,,,Nowy,Nieznany,,,,,,,
Boisko — siatkówka · piasek,,Poznań,,siatkówka,,,,,Nowy,Nieznany,,,,,,,
Boisko — siatkówka · piasek,,Poznań,,siatkówka,,,,,Nowy,Nieznany,,,,,,,
Boisko — siatkówka · piasek,,Poznań,,siatkówka,,,,,Nowy,Nieznany,,,,,,,
Boisko — siatkówka · piasek,,Poznań,,siatkówka,,,,,Nowy,Nieznany,,,,,,,
Boisko — siatkówka · piasek,,Poznań,,siatkówka,,,,,Nowy,Nieznany,,,,,,,
Boisko — siatkówka · piasek,,Poznań,,siatkówka,,,,,Nowy,Nieznany,,,,,,,
Boisko — siatkówka · piasek,,Poznań,,siatkówka,,,,,Nowy,Nieznany,,,,,,,
Boisko — siatkówka · sztuczna trawa,,Poznań,,siatkówka,,,,,Nowy,Nieznany,,,,,,,
Boisko — siatkówka · tartan / asfalt,,Poznań,,siatkówka,,,,,Nowy,Nieznany,,,,,,,
Boisko — siatkówka · tartan / asfalt,,Poznań,,siatkówka,,,,,Nowy,Nieznany,,,,,,,
Boisko — siatkówka · trawa naturalna,,Poznań,,siatkówka,,,,,Nowy,Nieznany,,,,,,,
Boisko — siatkówka · trawa naturalna,,Poznań,,siatkówka,,,,,Nowy,Nieznany,,,,,,,
Boisko do koszykówki,,Poznań,,koszykówka,,,,,Nowy,Nieznany,,,,,,,
Boisko do piłki nożnej,,Poznań,,piłka nożna,,,,,Nowy,Nieznany,,,,,,,
Boisko gminne,,Poznań,,piłka nożna,,,,,Nowy,Nieznany,,,,,,,
Boisko górne - stadion,,Poznań,,piłka nożna,,,,,Nowy,Nieznany,,,,,,,
Boisko Os. Winogrady,Winogrady,"os. Przyjaźni, 61-685 Poznań",61-625,piłka nożna / koszykówka,,,,,Nowy,Nieznany,,,,,,"Nie udało się potwierdzić istnienia obiektu o dokładnej nazwie ""Boisko Os. Winogrady"" pod adresem os. Przyjaźni, 61-685 Poznań. Wyszukiwania wskazują na boisko przy Szkole Podstawowej nr 66 na terenie os. Przyjaźni (do koszykówki i siatkówki), jednak brakuje konkretnych danych kontaktowych dla tego obiektu. Możliwe, że obiekt zarządzany jest przez SP 66, administrację PSM Winogrady lub jest dostępny dla mieszkańców osiedla bez formalnej rezerwacji. Wymagane bezpośrednie skontaktowanie się z administracją osiedla.",
Boisko Parafialne,,Poznań,,piłka nożna,,,,,Nowy,Nieznany,,,,,,,
Boisko przy Zespole Szkolno - Przedszkolnym w Maniewie,,Poznań,,piłka nożna,,,,,Nowy,Nieznany,,,,,,,
Boisko SP2,,Poznań,,wielofunkcyjne,,,,,Nowy,Nieznany,,,,,,,
Boisko sportowe,Junikowo,ul. Małoszyńska 38A,60-176,wielofunkcyjne,,,,,Nowy,Nieznany,,,,,,,
Boisko sportowe,Dębiec,ul. Świętego Szczepana,61-465,wielofunkcyjne,,,,,Nowy,Nieznany,,,,,,,
Boisko sportowe,Stare Miasto,ul. Kazimierza Wielkiego,61-863,wielofunkcyjne,,,,,Nowy,Nieznany,,,,,,,
Boisko sportowe,,ul. Przemysłowa,62-005,wielofunkcyjne,,,,,Nowy,Nieznany,,,,,,,
Boisko sportowe,Dębiec,ul. 28 Czerwca 1956 roku,61-445,wielofunkcyjne,,,,,Nowy,Nieznany,,,,,,,
Boisko sportowe,Rataje,os. Piastowskie,60-156,wielofunkcyjne,,,,,Nowy,Nieznany,,,,,,,
Boisko sportowe,,ul. Pogodna,62-020,wielofunkcyjne,,,,,Nowy,Nieznany,,,,,,,
Boisko sportowe,Górczyn,ul. Macieja Palacza,60-242,wielofunkcyjne,,,,,Nowy,Nieznany,,,,,,,
Boisko sportowe,Kwiatowe,ul. Szarotkowa,60-175,wielofunkcyjne,,,,,Nowy,Nieznany,,,,,,,
Boisko sportowe,Osiedle Młodych,Ignacego Jana Paderewskiego 27 Środa Wielkopolska,63-000,wielofunkcyjne,,,,,Nowy,Nieznany,,,,,,,
Boisko sportowe,Stare Miasto,ul. Janusza Kulasa,61-714,wielofunkcyjne,,,,,Nowy,Nieznany,,,,,,,
Boisko sportowe,Dębiec,ul. Jesionowa 14,61-432,wielofunkcyjne,,,,,Nowy,Nieznany,,,,,,,
Boisko sportowe,Górczynek,ul. Rawicka 12/14,60-113,wielofunkcyjne,,,,,Nowy,Nieznany,,,,,,,
Boisko sportowe,Górczynek,ul. Gostyńska,60-102,wielofunkcyjne,,,,,Nowy,Nieznany,,,,,,,
Boisko sportowe,,ul. Poznańska,62-008,wielofunkcyjne,,,,,Nowy,Nieznany,,,,,,,
Boisko sportowe,Dębiec,ul. Jesionowa 14,61-432,wielofunkcyjne,,,,,Nowy,Nieznany,,,,,,,
Boisko sportowe,,Poznań,,wielofunkcyjne,,,,,Nowy,Nieznany,,,,,,,
Boisko sportowe,,Poznań,,wielofunkcyjne,,,,,Nowy,Nieznany,,,,,,,
Boisko sportowe,,Poznań,,wielofunkcyjne,,,,,Nowy,Nieznany,,,,,,,
Boisko sportowe,,Poznań,,wielofunkcyjne,,,,,Nowy,Nieznany,,,,,,,
Boisko sportowe,,Poznań,,wielofunkcyjne,,,,,Nowy,Nieznany,,,,,,,
Boisko sportowe,,Poznań,,wielofunkcyjne,,,,,Nowy,Nieznany,,,,,,,
Boisko sportowe,,Poznań,,wielofunkcyjne,,,,,Nowy,Nieznany,,,,,,,
Boisko sportowe,,Poznań,,wielofunkcyjne,,,,,Nowy,Nieznany,,,,,,,
Boisko sportowe,,Poznań,,wielofunkcyjne,,,,,Nowy,Nieznany,,,,,,,
Boisko sportowe,,Poznań,,wielofunkcyjne,,,,,Nowy,Nieznany,,,,,,,
Boisko sportowe,,Poznań,,wielofunkcyjne,,,,,Nowy,Nieznany,,,,,,,
Boisko sportowe,,Poznań,,wielofunkcyjne,,,,,Nowy,Nieznany,,,,,,,
Boisko sportowe,,Poznań,,wielofunkcyjne,,,,,Nowy,Nieznany,,,,,,,
Boisko sportowe,,Poznań,,wielofunkcyjne,,,,,Nowy,Nieznany,,,,,,,
Boisko sportowe,,Poznań,,wielofunkcyjne,,,,,Nowy,Nieznany,,,,,,,
Boisko sportowe,,Poznań,,wielofunkcyjne,,,,,Nowy,Nieznany,,,,,,,
Boisko sportowe,,Poznań,,wielofunkcyjne,,,,,Nowy,Nieznany,,,,,,,
Boisko sportowe,,Poznań,,wielofunkcyjne,,,,,Nowy,Nieznany,,,,,,,
Boisko sportowe,,Poznań,,wielofunkcyjne,,,,,Nowy,Nieznany,,,,,,,
Boisko sportowe,,Poznań,,wielofunkcyjne,,,,,Nowy,Nieznany,,,,,,,
Boisko sportowe,,Poznań,,wielofunkcyjne,,,,,Nowy,Nieznany,,,,,,,
Boisko sportowe,,Poznań,,wielofunkcyjne,,,,,Nowy,Nieznany,,,,,,,
Boisko sportowe,,Poznań,,wielofunkcyjne,,,,,Nowy,Nieznany,,,,,,,
Boisko sportowe,,Poznań,,wielofunkcyjne,,,,,Nowy,Nieznany,,,,,,,
Boisko sportowe,,Poznań,,wielofunkcyjne,,,,,Nowy,Nieznany,,,,,,,
Boisko sportowe,,Poznań,,wielofunkcyjne,,,,,Nowy,Nieznany,,,,,,,
Boisko sportowe,,Poznań,,wielofunkcyjne,,,,,Nowy,Nieznany,,,,,,,
Boisko sportowe,,Poznań,,wielofunkcyjne,,,,,Nowy,Nieznany,,,,,,,
Boisko sportowe,,Poznań,,wielofunkcyjne,,,,,Nowy,Nieznany,,,,,,,
Boisko sportowe,,Poznań,,wielofunkcyjne,,,,,Nowy,Nieznany,,,,,,,
Boisko sportowe,,Poznań,,wielofunkcyjne,,,,,Nowy,Nieznany,,,,,,,
Boisko sportowe,,Poznań,,wielofunkcyjne,,,,,Nowy,Nieznany,,,,,,,
Boisko sportowe,,Poznań,,wielofunkcyjne,,,,,Nowy,Nieznany,,,,,,,
Boisko sportowe,,Poznań,,wielofunkcyjne,,,,,Nowy,Nieznany,,,,,,,
Boisko sportowe,,Poznań,,wielofunkcyjne,,,,,Nowy,Nieznany,,,,,,,
Boisko sportowe,,Poznań,,wielofunkcyjne,,,,,Nowy,Nieznany,,,,,,,
Boisko sportowe,,Poznań,,wielofunkcyjne,,,,,Nowy,Nieznany,,,,,,,
Boisko sportowe,,Poznań,,wielofunkcyjne,,,,,Nowy,Nieznany,,,,,,,
Boisko sportowe,,Poznań,,wielofunkcyjne,,,,,Nowy,Nieznany,,,,,,,
Boisko sportowe,,Poznań,,wielofunkcyjne,,,,,Nowy,Nieznany,,,,,,,
Boisko sportowe,,Poznań,,piłka nożna,,,,,Nowy,Nieznany,,,,,,,
Boisko sportowe,,Poznań,,wielofunkcyjne,,,,,Nowy,Nieznany,,,,,,,
Boisko sportowe,,Poznań,,wielofunkcyjne,,,,,Nowy,Nieznany,,,,,,,
Boisko sportowe,,Poznań,,wielofunkcyjne,,,,,Nowy,Nieznany,,,,,,,
Boisko sportowe,,Poznań,,wielofunkcyjne,,,,,Nowy,Nieznany,,,,,,,
Boisko sportowe,,Poznań,,wielofunkcyjne,,,,,Nowy,Nieznany,,,,,,,
Boisko sportowe,,Poznań,,wielofunkcyjne,,,,,Nowy,Nieznany,,,,,,,
Boisko sportowe,,Poznań,,wielofunkcyjne,,,,,Nowy,Nieznany,,,,,,,
Boisko sportowe,,Poznań,,wielofunkcyjne,,,,,Nowy,Nieznany,,,,,,,
Boisko sportowe,,Poznań,,wielofunkcyjne,,,,,Nowy,Nieznany,,,,,,,
Boisko sportowe,,Poznań,,wielofunkcyjne,,,,,Nowy,Nieznany,,,,,,,
Boisko sportowe,,Poznań,,wielofunkcyjne,,,,,Nowy,Nieznany,,,,,,,
Boisko sportowe,,Poznań,,wielofunkcyjne,,,,,Nowy,Nieznany,,,,,,,
Boisko sportowe,,Poznań,,wielofunkcyjne,,,,,Nowy,Nieznany,,,,,,,
Boisko sportowe,,Poznań,,wielofunkcyjne,,,,,Nowy,Nieznany,,,,,,,
Boisko sportowe,,Poznań,,wielofunkcyjne,,,,,Nowy,Nieznany,,,,,,,
Boisko sportowe,,Poznań,,wielofunkcyjne,,,,,Nowy,Nieznany,,,,,,,
Boisko sportowe,,Poznań,,wielofunkcyjne,,,,,Nowy,Nieznany,,,,,,,
Boisko sportowe,,Poznań,,wielofunkcyjne,,,,,Nowy,Nieznany,,,,,,,
Boisko sportowe,,Poznań,,wielofunkcyjne,,,,,Nowy,Nieznany,,,,,,,
Boisko sportowe,,Poznań,,wielofunkcyjne,,,,,Nowy,Nieznany,,,,,,,
Boisko sportowe,,Poznań,,wielofunkcyjne,,,,,Nowy,Nieznany,,,,,,,
Boisko sportowe,,Poznań,,wielofunkcyjne,,,,,Nowy,Nieznany,,,,,,,
Boisko sportowe,,Poznań,,wielofunkcyjne,,,,,Nowy,Nieznany,,,,,,,
Boisko sportowe,,Poznań,,wielofunkcyjne,,,,,Nowy,Nieznany,,,,,,,
Boisko sportowe,,Poznań,,wielofunkcyjne,,,,,Nowy,Nieznany,,,,,,,
Boisko sportowe,,Poznań,,wielofunkcyjne,,,,,Nowy,Nieznany,,,,,,,
Boisko sportowe,,Poznań,,wielofunkcyjne,,,,,Nowy,Nieznany,,,,,,,
Boisko sportowe,,Poznań,,wielofunkcyjne,,,,,Nowy,Nieznany,,,,,,,
Boisko sportowe,,Poznań,,wielofunkcyjne,,,,,Nowy,Nieznany,,,,,,,
Boisko sportowe,,Poznań,,wielofunkcyjne,,,,,Nowy,Nieznany,,,,,,,
Boisko sportowe,,Poznań,,wielofunkcyjne,,,,,Nowy,Nieznany,,,,,,,
Boisko sportowe,,Poznań,,wielofunkcyjne,,,,,Nowy,Nieznany,,,,,,,
Boisko sportowe,,Poznań,,wielofunkcyjne,,,,,Nowy,Nieznany,,,,,,,
Boisko sportowe,,Poznań,,wielofunkcyjne,,,,,Nowy,Nieznany,,,,,,,
Boisko sportowe,,Poznań,,wielofunkcyjne,,,,,Nowy,Nieznany,,,,,,,
Boisko sportowe,,Poznań,,wielofunkcyjne,,,,,Nowy,Nieznany,,,,,,,
Boisko sportowe,,Poznań,,wielofunkcyjne,,,,,Nowy,Nieznany,,,,,,,
Boisko sportowe,,Poznań,,wielofunkcyjne,,,,,Nowy,Nieznany,,,,,,,
Boisko sportowe,,Poznań,,wielofunkcyjne,,,,,Nowy,Nieznany,,,,,,,
Boisko sportowe,,Poznań,,wielofunkcyjne,,,,,Nowy,Nieznany,,,,,,,
Boisko sportowe,,Poznań,,wielofunkcyjne,,,,,Nowy,Nieznany,,,,,,,
Boisko sportowe,,Poznań,,wielofunkcyjne,,,,,Nowy,Nieznany,,,,,,,
Boisko sportowe,,Poznań,,wielofunkcyjne,,,,,Nowy,Nieznany,,,,,,,
Boisko sportowe,,Poznań,,wielofunkcyjne,,,,,Nowy,Nieznany,,,,,,,
Boisko sportowe,,Poznań,,wielofunkcyjne,,,,,Nowy,Nieznany,,,,,,,
Boisko sportowe,,Poznań,,wielofunkcyjne,,,,,Nowy,Nieznany,,,,,,,
Boisko sportowe,,Poznań,,wielofunkcyjne,,,,,Nowy,Nieznany,,,,,,,
Boisko sportowe,,Poznań,,wielofunkcyjne,,,,,Nowy,Nieznany,,,,,,,
Boisko sportowe,,Poznań,,wielofunkcyjne,,,,,Nowy,Nieznany,,,,,,,
Boisko sportowe,,Poznań,,wielofunkcyjne,,,,,Nowy,Nieznany,,,,,,,
Boisko sportowe,,Poznań,,wielofunkcyjne,,,,,Nowy,Nieznany,,,,,,,
Boisko sportowe,,Poznań,,wielofunkcyjne,,,,,Nowy,Nieznany,,,,,,,
Boisko sportowe,,Poznań,,wielofunkcyjne,,,,,Nowy,Nieznany,,,,,,,
Boisko sportowe,,Poznań,,wielofunkcyjne,,,,,Nowy,Nieznany,,,,,,,
Boisko sportowe,,Poznań,,wielofunkcyjne,,,,,Nowy,Nieznany,,,,,,,
Boisko sportowe,,Poznań,,wielofunkcyjne,,,,,Nowy,Nieznany,,,,,,,
Boisko sportowe,,Poznań,,wielofunkcyjne,,,,,Nowy,Nieznany,,,,,,,
Boisko sportowe,,Poznań,,wielofunkcyjne,,,,,Nowy,Nieznany,,,,,,,
Boisko sportowe,,Poznań,,wielofunkcyjne,,,,,Nowy,Nieznany,,,,,,,
Boisko sportowe,,Poznań,,wielofunkcyjne,,,,,Nowy,Nieznany,,,,,,,
Boisko sportowe,,Poznań,,wielofunkcyjne,,,,,Nowy,Nieznany,,,,,,,
Boisko sportowe,,Poznań,,wielofunkcyjne,,,,,Nowy,Nieznany,,,,,,,
Boisko sportowe,,Poznań,,wielofunkcyjne,,,,,Nowy,Nieznany,,,,,,,
Boisko sportowe,,Poznań,,wielofunkcyjne,,,,,Nowy,Nieznany,,,,,,,
Boisko sportowe,,Poznań,,wielofunkcyjne,,,,,Nowy,Nieznany,,,,,,,
Boisko sportowe,,Poznań,,wielofunkcyjne,,,,,Nowy,Nieznany,,,,,,,
Boisko sportowe,,Poznań,,wielofunkcyjne,,,,,Nowy,Nieznany,,,,,,,
Boisko sportowe,,Poznań,,wielofunkcyjne,,,,,Nowy,Nieznany,,,,,,,
Boisko sportowe,,Poznań,,wielofunkcyjne,,,,,Nowy,Nieznany,,,,,,,
Boisko sportowe,,Poznań,,wielofunkcyjne,,,,,Nowy,Nieznany,,,,,,,
Boisko sportowe,,Poznań,,wielofunkcyjne,,,,,Nowy,Nieznany,,,,,,,
Boisko sportowe,,Poznań,,wielofunkcyjne,,,,,Nowy,Nieznany,,,,,,,
Boisko sportowe,,Poznań,,wielofunkcyjne,,,,,Nowy,Nieznany,,,,,,,
Boisko sportowe,,Poznań,,wielofunkcyjne,,,,,Nowy,Nieznany,,,,,,,
Boisko sportowe,,Poznań,,wielofunkcyjne,,,,,Nowy,Nieznany,,,,,,,
Boisko sportowe,,Poznań,,wielofunkcyjne,,,,,Nowy,Nieznany,,,,,,,
Boisko sportowe,,Poznań,,wielofunkcyjne,,,,,Nowy,Nieznany,,,,,,,
Boisko sportowe,,Poznań,,wielofunkcyjne,,,,,Nowy,Nieznany,,,,,,,
Boisko sportowe,,Poznań,,wielofunkcyjne,,,,,Nowy,Nieznany,,,,,,,
Boisko sportowe,,Poznań,,wielofunkcyjne,,,,,Nowy,Nieznany,,,,,,,
Boisko sportowe,,Poznań,,wielofunkcyjne,,,,,Nowy,Nieznany,,,,,,,
Boisko sportowe,,Poznań,,wielofunkcyjne,,,,,Nowy,Nieznany,,,,,,,
Boisko sportowe,,Poznań,,wielofunkcyjne,,,,,Nowy,Nieznany,,,,,,,
Boisko sportowe,,Poznań,,wielofunkcyjne,,,,,Nowy,Nieznany,,,,,,,
Boisko sportowe,,Poznań,,wielofunkcyjne,,,,,Nowy,Nieznany,,,,,,,
Boisko sportowe,,Poznań,,wielofunkcyjne,,,,,Nowy,Nieznany,,,,,,,
Boisko sportowe,,Poznań,,wielofunkcyjne,,,,,Nowy,Nieznany,,,,,,,
Boisko sportowe,,Poznań,,wielofunkcyjne,,,,,Nowy,Nieznany,,,,,,,
Boisko sportowe,,Poznań,,wielofunkcyjne,,,,,Nowy,Nieznany,,,,,,,
Boisko sportowe,,Poznań,,wielofunkcyjne,,,,,Nowy,Nieznany,,,,,,,
Boisko sportowe,,Poznań,,wielofunkcyjne,,,,,Nowy,Nieznany,,,,,,,
Boisko sportowe,,Poznań,,wielofunkcyjne,,,,,Nowy,Nieznany,,,,,,,
Boisko sportowe,,Poznań,,wielofunkcyjne,,,,,Nowy,Nieznany,,,,,,,
Boisko sportowe,,Poznań,,wielofunkcyjne,,,,,Nowy,Nieznany,,,,,,,
Boisko sportowe,,Poznań,,wielofunkcyjne,,,,,Nowy,Nieznany,,,,,,,
Boisko sportowe,,Poznań,,wielofunkcyjne,,,,,Nowy,Nieznany,,,,,,,
Boisko sportowe,,Poznań,,wielofunkcyjne,,,,,Nowy,Nieznany,,,,,,,
Boisko sportowe,,Poznań,,wielofunkcyjne,,,,,Nowy,Nieznany,,,,,,,
Boisko sportowe,,Poznań,,wielofunkcyjne,,,,,Nowy,Nieznany,,,,,,,
Boisko sportowe,,Poznań,,wielofunkcyjne,,,,,Nowy,Nieznany,,,,,,,
Boisko sportowe,,Poznań,,wielofunkcyjne,,,,,Nowy,Nieznany,,,,,,,
Boisko sportowe,,Poznań,,wielofunkcyjne,,,,,Nowy,Nieznany,,,,,,,
Boisko sportowe,,Poznań,,wielofunkcyjne,,,,,Nowy,Nieznany,,,,,,,
Boisko sportowe,,Poznań,,wielofunkcyjne,,,,,Nowy,Nieznany,,,,,,,
Boisko sportowe,,Poznań,,wielofunkcyjne,,,,,Nowy,Nieznany,,,,,,,
Boisko sportowe,,Poznań,,wielofunkcyjne,,,,,Nowy,Nieznany,,,,,,,
Boisko sportowe,,Poznań,,wielofunkcyjne,,,,,Nowy,Nieznany,,,,,,,
Boisko sportowe,,Poznań,,wielofunkcyjne,,,,,Nowy,Nieznany,,,,,,,
Boisko sportowe,,Poznań,,wielofunkcyjne,,,,,Nowy,Nieznany,,,,,,,
Boisko sportowe,,Poznań,,wielofunkcyjne,,,,,Nowy,Nieznany,,,,,,,
Boisko sportowe,,Poznań,,wielofunkcyjne,,,,,Nowy,Nieznany,,,,,,,
Boisko sportowe,,Poznań,,wielofunkcyjne,,,,,Nowy,Nieznany,,,,,,,
Boisko sportowe,,Poznań,,wielofunkcyjne,,,,,Nowy,Nieznany,,,,,,,
Boisko sportowe,,Poznań,,wielofunkcyjne,,,,,Nowy,Nieznany,,,,,,,
Boisko sportowe,,Poznań,,wielofunkcyjne,,,,,Nowy,Nieznany,,,,,,,
Boisko sportowe,,Poznań,,wielofunkcyjne,,,,,Nowy,Nieznany,,,,,,,
Boisko sportowe,,Poznań,,wielofunkcyjne,,,,,Nowy,Nieznany,,,,,,,
Boisko sportowe,,Poznań,,wielofunkcyjne,,,,,Nowy,Nieznany,,,,,,,
Boisko sportowe,,Poznań,,wielofunkcyjne,,,,,Nowy,Nieznany,,,,,,,
Boisko sportowe,,Poznań,,wielofunkcyjne,,,,,Nowy,Nieznany,,,,,,,
Boisko sportowe,,Poznań,,wielofunkcyjne,,,,,Nowy,Nieznany,,,,,,,
Boisko sportowe,,Poznań,,wielofunkcyjne,,,,,Nowy,Nieznany,,,,,,,
Boisko sportowe,,Poznań,,wielofunkcyjne,,,,,Nowy,Nieznany,,,,,,,
Boisko sportowe,,Poznań,,wielofunkcyjne,,,,,Nowy,Nieznany,,,,,,,
Boisko sportowe,,Poznań,,wielofunkcyjne,,,,,Nowy,Nieznany,,,,,,,
Boisko sportowe,,Poznań,,wielofunkcyjne,,,,,Nowy,Nieznany,,,,,,,
Boisko sportowe,,Poznań,,wielofunkcyjne,,,,,Nowy,Nieznany,,,,,,,
Boisko sportowe,,Poznań,,wielofunkcyjne,,,,,Nowy,Nieznany,,,,,,,
Boisko sportowe,,Poznań,,wielofunkcyjne,,,,,Nowy,Nieznany,,,,,,,
Boisko sportowe,,Poznań,,wielofunkcyjne,,,,,Nowy,Nieznany,,,,,,,
Boisko sportowe,,Poznań,,wielofunkcyjne,,,,,Nowy,Nieznany,,,,,,,
Boisko sportowe,,Poznań,,wielofunkcyjne,,,,,Nowy,Nieznany,,,,,,,
Boisko sportowe,,Poznań,,wielofunkcyjne,,,,,Nowy,Nieznany,,,,,,,
Boisko sportowe,,Poznań,,wielofunkcyjne,,,,,Nowy,Nieznany,,,,,,,
Boisko sportowe,,Poznań,,wielofunkcyjne,,,,,Nowy,Nieznany,,,,,,,
Boisko sportowe,,Poznań,,wielofunkcyjne,,,,,Nowy,Nieznany,,,,,,,
Boisko sportowe,,Poznań,,wielofunkcyjne,,,,,Nowy,Nieznany,,,,,,,
Boisko sportowe,,Poznań,,wielofunkcyjne,,,,,Nowy,Nieznany,,,,,,,
Boisko sportowe,,Poznań,,wielofunkcyjne,,,,,Nowy,Nieznany,,,,,,,
Boisko sportowe,,Poznań,,wielofunkcyjne,,,,,Nowy,Nieznany,,,,,,,
Boisko sportowe,,Poznań,,wielofunkcyjne,,,,,Nowy,Nieznany,,,,,,,
Boisko sportowe,,Poznań,,wielofunkcyjne,,,,,Nowy,Nieznany,,,,,,,
Boisko sportowe,,Poznań,,wielofunkcyjne,,,,,Nowy,Nieznany,,,,,,,
Boisko sportowe,,Poznań,,wielofunkcyjne,,,,,Nowy,Nieznany,,,,,,,
Boisko sportowe,,Poznań,,wielofunkcyjne,,,,,Nowy,Nieznany,,,,,,,
Boisko sportowe,,Poznań,,wielofunkcyjne,,,,,Nowy,Nieznany,,,,,,,
Boisko sportowe,,Poznań,,wielofunkcyjne,,,,,Nowy,Nieznany,,,,,,,
Boisko sportowe,,Poznań,,wielofunkcyjne,,,,,Nowy,Nieznany,,,,,,,
Boisko sportowe,,Poznań,,wielofunkcyjne,,,,,Nowy,Nieznany,,,,,,,
Boisko sportowe,,Poznań,,wielofunkcyjne,,,,,Nowy,Nieznany,,,,,,,
Boisko sportowe,,Poznań,,wielofunkcyjne,,,,,Nowy,Nieznany,,,,,,,
Boisko sportowe,,Poznań,,wielofunkcyjne,,,,,Nowy,Nieznany,,,,,,,
Boisko sportowe,,Poznań,,wielofunkcyjne,,,,,Nowy,Nieznany,,,,,,,
Boisko sportowe,,Poznań,,wielofunkcyjne,,,,,Nowy,Nieznany,,,,,,,
Boisko sportowe,,Poznań,,wielofunkcyjne,,,,,Nowy,Nieznany,,,,,,,
Boisko sportowe,,Poznań,,wielofunkcyjne,,,,,Nowy,Nieznany,,,,,,,
Boisko sportowe,,Poznań,,wielofunkcyjne,,,,,Nowy,Nieznany,,,,,,,
Boisko sportowe,,Poznań,,wielofunkcyjne,,,,,Nowy,Nieznany,,,,,,,
Boisko sportowe,,Poznań,,wielofunkcyjne,,,,,Nowy,Nieznany,,,,,,,
Boisko sportowe,,Poznań,,wielofunkcyjne,,,,,Nowy,Nieznany,,,,,,,
Boisko sportowe,,Poznań,,wielofunkcyjne,,,,,Nowy,Nieznany,,,,,,,
Boisko sportowe,,Poznań,,wielofunkcyjne,,,,,Nowy,Nieznany,,,,,,,
Boisko sportowe,,Poznań,,wielofunkcyjne,,,,,Nowy,Nieznany,,,,,,,
Boisko sportowe,,Poznań,,wielofunkcyjne,,,,,Nowy,Nieznany,,,,,,,
Boisko sportowe,,Poznań,,wielofunkcyjne,,,,,Nowy,Nieznany,,,,,,,
Boisko sportowe,,Poznań,,wielofunkcyjne,,,,,Nowy,Nieznany,,,,,,,
Boisko sportowe,,Poznań,,wielofunkcyjne,,,,,Nowy,Nieznany,,,,,,,
Boisko sportowe,,Poznań,,wielofunkcyjne,,,,,Nowy,Nieznany,,,,,,,
Boisko sportowe,,Poznań,,wielofunkcyjne,,,,,Nowy,Nieznany,,,,,,,
Boisko sportowe,,Poznań,,wielofunkcyjne,,,,,Nowy,Nieznany,,,,,,,
Boisko sportowe,,Poznań,,wielofunkcyjne,,,,,Nowy,Nieznany,,,,,,,
Boisko sportowe,,Poznań,,wielofunkcyjne,,,,,Nowy,Nieznany,,,,,,,
Boisko sportowe,,Poznań,,wielofunkcyjne,,,,,Nowy,Nieznany,,,,,,,
Boisko sportowe,,Poznań,,wielofunkcyjne,,,,,Nowy,Nieznany,,,,,,,
Boisko sportowe,,Poznań,,wielofunkcyjne,,,,,Nowy,Nieznany,,,,,,,
Boisko sportowe,,Poznań,,wielofunkcyjne,,,,,Nowy,Nieznany,,,,,,,
Boisko sportowe,,Poznań,,wielofunkcyjne,,,,,Nowy,Nieznany,,,,,,,
Boisko sportowe,,Poznań,,wielofunkcyjne,,,,,Nowy,Nieznany,,,,,,,
Boisko sportowe,,Poznań,,wielofunkcyjne,,,,,Nowy,Nieznany,,,,,,,
Boisko sportowe,,Poznań,,wielofunkcyjne,,,,,Nowy,Nieznany,,,,,,,
Boisko sportowe,,Poznań,,wielofunkcyjne,,,,,Nowy,Nieznany,,,,,,,
Boisko sportowe,,Poznań,,wielofunkcyjne,,,,,Nowy,Nieznany,,,,,,,
Boisko sportowe,,Poznań,,wielofunkcyjne,,,,,Nowy,Nieznany,,,,,,,
Boisko sportowe,,Poznań,,wielofunkcyjne,,,,,Nowy,Nieznany,,,,,,,
Boisko sportowe,,Poznań,,wielofunkcyjne,,,,,Nowy,Nieznany,,,,,,,
Boisko sportowe,,Poznań,,wielofunkcyjne,,,,,Nowy,Nieznany,,,,,,,
Boisko sportowe,,Poznań,,wielofunkcyjne,,,,,Nowy,Nieznany,,,,,,,
Boisko sportowe,,Poznań,,wielofunkcyjne,,,,,Nowy,Nieznany,,,,,,,
Boisko sportowe,,Poznań,,wielofunkcyjne,,,,,Nowy,Nieznany,,,,,,,
Boisko sportowe,,Poznań,,wielofunkcyjne,,,,,Nowy,Nieznany,,,,,,,
Boisko sportowe,,Poznań,,wielofunkcyjne,,,,,Nowy,Nieznany,,,,,,,
Boisko sportowe,,Poznań,,wielofunkcyjne,,,,,Nowy,Nieznany,,,,,,,
Boisko sportowe,,Poznań,,wielofunkcyjne,,,,,Nowy,Nieznany,,,,,,,
Boisko sportowe,,Poznań,,wielofunkcyjne,,,,,Nowy,Nieznany,,,,,,,
Boisko sportowe,,Poznań,,wielofunkcyjne,,,,,Nowy,Nieznany,,,,,,,
Boisko sportowe,,Poznań,,wielofunkcyjne,,,,,Nowy,Nieznany,,,,,,,
Boisko sportowe,,Poznań,,wielofunkcyjne,,,,,Nowy,Nieznany,,,,,,,
Boisko sportowe,,Poznań,,wielofunkcyjne,,,,,Nowy,Nieznany,,,,,,,
Boisko sportowe,,Poznań,,wielofunkcyjne,,,,,Nowy,Nieznany,,,,,,,
Boisko sportowe,,Poznań,,wielofunkcyjne,,,,,Nowy,Nieznany,,,,,,,
Boisko sportowe,,Poznań,,wielofunkcyjne,,,,,Nowy,Nieznany,,,,,,,
Boisko sportowe,,Poznań,,wielofunkcyjne,,,,,Nowy,Nieznany,,,,,,,
Boisko sportowe,,Poznań,,wielofunkcyjne,,,,,Nowy,Nieznany,,,,,,,
Boisko sportowe,,Poznań,,wielofunkcyjne,,,,,Nowy,Nieznany,,,,,,,
Boisko sportowe,,Poznań,,wielofunkcyjne,,,,,Nowy,Nieznany,,,,,,,
Boisko sportowe,,Poznań,,wielofunkcyjne,,,,,Nowy,Nieznany,,,,,,,
Boisko sportowe,,Poznań,,wielofunkcyjne,,,,,Nowy,Nieznany,,,,,,,
Boisko sportowe,,Poznań,,wielofunkcyjne,,,,,Nowy,Nieznany,,,,,,,
Boisko sportowe,,Poznań,,wielofunkcyjne,,,,,Nowy,Nieznany,,,,,,,
Boisko sportowe,,Poznań,,wielofunkcyjne,,,,,Nowy,Nieznany,,,,,,,
Boisko sportowe,,Poznań,,wielofunkcyjne,,,,,Nowy,Nieznany,,,,,,,
Boisko sportowe,,Poznań,,wielofunkcyjne,,,,,Nowy,Nieznany,,,,,,,
Boisko sportowe,,Poznań,,wielofunkcyjne,,,,,Nowy,Nieznany,,,,,,,
Boisko sportowe,,Poznań,,wielofunkcyjne,,,,,Nowy,Nieznany,,,,,,,
Boisko sportowe,,Poznań,,wielofunkcyjne,,,,,Nowy,Nieznany,,,,,,,
Boisko sportowe,,Poznań,,wielofunkcyjne,,,,,Nowy,Nieznany,,,,,,,
Boisko sportowe,,Poznań,,wielofunkcyjne,,,,,Nowy,Nieznany,,,,,,,
Boisko sportowe,,Poznań,,wielofunkcyjne,,,,,Nowy,Nieznany,,,,,,,
Boisko sportowe,,Poznań,,wielofunkcyjne,,,,,Nowy,Nieznany,,,,,,,
Boisko sportowe,,Poznań,,wielofunkcyjne,,,,,Nowy,Nieznany,,,,,,,
Boisko sportowe,,Poznań,,wielofunkcyjne,,,,,Nowy,Nieznany,,,,,,,
Boisko sportowe,,Poznań,,wielofunkcyjne,,,,,Nowy,Nieznany,,,,,,,
Boisko sportowe,,Poznań,,wielofunkcyjne,,,,,Nowy,Nieznany,,,,,,,
Boisko sportowe,,Poznań,,wielofunkcyjne,,,,,Nowy,Nieznany,,,,,,,
Boisko sportowe,,Poznań,,wielofunkcyjne,,,,,Nowy,Nieznany,,,,,,,
Boisko sportowe,,Poznań,,wielofunkcyjne,,,,,Nowy,Nieznany,,,,,,,
Boisko sportowe,,Poznań,,wielofunkcyjne,,,,,Nowy,Nieznany,,,,,,,
Boisko sportowe,,Poznań,,wielofunkcyjne,,,,,Nowy,Nieznany,,,,,,,
Boisko sportowe,,Poznań,,wielofunkcyjne,,,,,Nowy,Nieznany,,,,,,,
Boisko sportowe,,Poznań,,wielofunkcyjne,,,,,Nowy,Nieznany,,,,,,,
Boisko sportowe,,Poznań,,wielofunkcyjne,,,,,Nowy,Nieznany,,,,,,,
Boisko sportowe,,Poznań,,wielofunkcyjne,,,,,Nowy,Nieznany,,,,,,,
Boisko sportowe,,Poznań,,wielofunkcyjne,,,,,Nowy,Nieznany,,,,,,,
Boisko sportowe,,Poznań,,wielofunkcyjne,,,,,Nowy,Nieznany,,,,,,,
Boisko sportowe,,Poznań,,wielofunkcyjne,,,,,Nowy,Nieznany,,,,,,,
Boisko sportowe,,Poznań,,wielofunkcyjne,,,,,Nowy,Nieznany,,,,,,,
Boisko sportowe,,Poznań,,wielofunkcyjne,,,,,Nowy,Nieznany,,,,,,,
Boisko sportowe,,Poznań,,wielofunkcyjne,,,,,Nowy,Nieznany,,,,,,,
Boisko sportowe,,Poznań,,wielofunkcyjne,,,,,Nowy,Nieznany,,,,,,,
Boisko sportowe,,Poznań,,wielofunkcyjne,,,,,Nowy,Nieznany,,,,,,,
Boisko sportowe,,Poznań,,wielofunkcyjne,,,,,Nowy,Nieznany,,,,,,,
Boisko sportowe,,Poznań,,wielofunkcyjne,,,,,Nowy,Nieznany,,,,,,,
Boisko sportowe,,Poznań,,wielofunkcyjne,,,,,Nowy,Nieznany,,,,,,,
Boisko sportowe,,Poznań,,wielofunkcyjne,,,,,Nowy,Nieznany,,,,,,,
Boisko sportowe,,Poznań,,wielofunkcyjne,,,,,Nowy,Nieznany,,,,,,,
Boisko sportowe,,Poznań,,wielofunkcyjne,,,,,Nowy,Nieznany,,,,,,,
Boisko sportowe,,Poznań,,wielofunkcyjne,,,,,Nowy,Nieznany,,,,,,,
Boisko sportowe,,Poznań,,wielofunkcyjne,,,,,Nowy,Nieznany,,,,,,,
Boisko Sportowe,,Poznań,,piłka nożna,,,,,Nowy,Nieznany,,,,,,,
Boisko sportowe · beton,,ul. Leśna,62-095,wielofunkcyjne,,,,,Nowy,Nieznany,,,,,,,
Boisko sportowe · beton,Chartowo,os. Tysiąclecia,61-255,wielofunkcyjne,,,,,Nowy,Nieznany,,,,,,,
Boisko sportowe · beton,,Poznań,,wielofunkcyjne,,,,,Nowy,Nieznany,,,,,,,
Boisko sportowe · beton,,Poznań,,wielofunkcyjne,,,,,Nowy,Nieznany,,,,,,,
Boisko sportowe · beton,,Poznań,,wielofunkcyjne,,,,,Nowy,Nieznany,,,,,,,
Boisko sportowe · beton,,Poznań,,wielofunkcyjne,,,,,Nowy,Nieznany,,,,,,,
Boisko sportowe · beton,,Poznań,,wielofunkcyjne,,,,,Nowy,Nieznany,,,,,,,
Boisko sportowe · beton,,Poznań,,wielofunkcyjne,,,,,Nowy,Nieznany,,,,,,,
Boisko sportowe · beton,,Poznań,,wielofunkcyjne,,,,,Nowy,Nieznany,,,,,,,
Boisko sportowe · beton,,Poznań,,wielofunkcyjne,,,,,Nowy,Nieznany,,,,,,,
Boisko sportowe · beton,,Poznań,,wielofunkcyjne,,,,,Nowy,Nieznany,,,,,,,
Boisko sportowe · beton,,Poznań,,wielofunkcyjne,,,,,Nowy,Nieznany,,,,,,,
Boisko sportowe · beton,,Poznań,,wielofunkcyjne,,,,,Nowy,Nieznany,,,,,,,
Boisko sportowe · beton,,Poznań,,wielofunkcyjne,,,,,Nowy,Nieznany,,,,,,,
Boisko sportowe · piasek,,Poznań,,wielofunkcyjne,,,,,Nowy,Nieznany,,,,,,,
Boisko sportowe · piasek,,Poznań,,wielofunkcyjne,,,,,Nowy,Nieznany,,,,,,,
Boisko sportowe · sztuczna trawa,,Poznań,,wielofunkcyjne,,,,,Nowy,Nieznany,,,,,,,
Boisko sportowe · sztuczna trawa,,Poznań,,wielofunkcyjne,,,,,Nowy,Nieznany,,,,,,,
Boisko sportowe · sztuczna trawa,,Poznań,,wielofunkcyjne,,,,,Nowy,Nieznany,,,,,,,
Boisko sportowe · sztuczna trawa,,Poznań,,wielofunkcyjne,,,,,Nowy,Nieznany,,,,,,,
Boisko sportowe · sztuczna trawa,,Poznań,,wielofunkcyjne,,,,,Nowy,Nieznany,,,,,,,
Boisko sportowe · tartan / asfalt,,Poznań,,wielofunkcyjne,,,,,Nowy,Nieznany,,,,,,,
Boisko sportowe · tartan / asfalt,,Poznań,,wielofunkcyjne,,,,,Nowy,Nieznany,,,,,,,
Boisko sportowe · tartan / asfalt,,Poznań,,wielofunkcyjne,,,,,Nowy,Nieznany,,,,,,,
Boisko sportowe · tartan / asfalt,,Poznań,,wielofunkcyjne,,,,,Nowy,Nieznany,,,,,,,
Boisko sportowe · tartan / asfalt,,Poznań,,wielofunkcyjne,,,,,Nowy,Nieznany,,,,,,,
Boisko sportowe · tartan / asfalt,,Poznań,,wielofunkcyjne,,,,,Nowy,Nieznany,,,,,,,
Boisko sportowe · tartan / asfalt,,Poznań,,wielofunkcyjne,,,,,Nowy,Nieznany,,,,,,,
Boisko sportowe · tartan / asfalt,,Poznań,,wielofunkcyjne,,,,,Nowy,Nieznany,,,,,,,
Boisko sportowe · tartan / asfalt,,Poznań,,wielofunkcyjne,,,,,Nowy,Nieznany,,,,,,,
Boisko sportowe · tartan / asfalt,,Poznań,,wielofunkcyjne,,,,,Nowy,Nieznany,,,,,,,
Boisko sportowe · tartan / asfalt,,Poznań,,wielofunkcyjne,,,,,Nowy,Nieznany,,,,,,,
Boisko sportowe · trawa naturalna,,Poznań,,wielofunkcyjne,,,,,Nowy,Nieznany,,,,,,,
Boisko sportowe · trawa naturalna,,Poznań,,wielofunkcyjne,,,,,Nowy,Nieznany,,,,,,,
Boisko sportowe · trawa naturalna,,Poznań,,wielofunkcyjne,,,,,Nowy,Nieznany,,,,,,,
Boisko sportowe · trawa naturalna,,Poznań,,wielofunkcyjne,,,,,Nowy,Nieznany,,,,,,,
Boisko sportowe · trawa naturalna,,Poznań,,wielofunkcyjne,,,,,Nowy,Nieznany,,,,,,,
Boisko sportowe na Zielińcu,,"Grodnicka 2, 61-059 Poznań, Polska",,wielofunkcyjne,,,,Rada Osiedla Antoninek-Zieliniec-Kobylepole,Nowy,Brak / z marszu,,,,,,"Boisko sportowe na Zielińcu to wielofunkcyjny obiekt publiczny zlokalizowany na osiedlu Antoninek-Zieliniec-Kobylepole przy ul. Grodnickiej 2 w Poznaniu. Zarządzane jest przez Radę Osiedla. Boisko przeznaczone jest dla mieszkańców osiedla, dostęp do niego jest wolny. Szczegółowe dane kontaktowe (telefon, e-mail) oraz godziny otwarcia nie były dostępne w publicznie dostępnych źródłach.",
Boisko tenis/siatkówka/koszykówka,,Poznań,,siatkówka,,,,,Nowy,Nieznany,,,,,,,
Boisko w Robakowie,,Poznań,,piłka nożna,,,,,Nowy,Nieznany,,,,,,,
Boisko wielofunkcyjne,,Poznań,,wielofunkcyjne,,,,,Nowy,Nieznany,,,,,,,
Centrum Aktywności Frajda,,Poznań,,wielofunkcyjne,,,,,Nowy,Nieznany,,,,,,,
Centrum kultury i sportu w Sadach,,Poznań,,wielofunkcyjne,,,,,Nowy,Nieznany,,,,,,,
Centrum Sportowe Remes,,Poznań,,wielofunkcyjne,,,,,Nowy,Nieznany,,,,,,,
Centrum Tenisowe Sobota,,Poznań,,wielofunkcyjne,,,,,Nowy,Nieznany,,,,,,,
Fitness Point,,Poznań,,wielofunkcyjne,,,,,Nowy,Nieznany,,,,,,,
Gameness Team,,Poznań,,wielofunkcyjne,,,,,Nowy,Telefon,,,,,,Rezerwacje przyjmowane są telefonicznie (Trener Tomasz: 796 488 203) lub mailowo (klub@gamenessteam.pl); pierwszy trening jest bezpłatny.,
GKS Golęczewo,,Poznań,,piłka nożna,,,,,Nowy,Nieznany,,,,,,,
GKS Gułtowy,,Poznań,,piłka nożna,,,,,Nowy,Nieznany,,,,,,,
Hala sportowa,,Kosynierów 2b Środa Wielkopolska,,wielofunkcyjne,,,,,Nowy,Nieznany,,,,,,,
Hala sportowa,,Poznań,,wielofunkcyjne,,,,,Nowy,Nieznany,,,,,,,
Hala sportowa,,"Wojskowa, 3, Biedrusko",62-003,wielofunkcyjne,,,,,Nowy,Nieznany,,,,,,,
Hala sportowa,,"Młyńska 15, 61-730 Poznań, Polska",,wielofunkcyjne,,,,,Nowy,Nieznany,,,,,,,
Hala Sportowa,,"Wszechnicy Piastowskiej, 1, Poznań",,wielofunkcyjne,,,,,Nowy,Nieznany,,,,,,,
Hala Sportowa LO Św. Marii Magdaleny w Poznaniu,,"świętej Marii Magdaleny 9, 61-861 Poznań, Polska",,wielofunkcyjne,,,,szkoła,Nowy,Nieznany,,,,,,"Hala Sportowa LO Św. Marii Magdaleny jest obiektem szkolnym wymienianym w katalogach sportowych miasta Poznania. Obiekt jest użytkowany do organizacji turniejów i imprez sportowych. Niestety, nie udało się ustalić bezpośrednich danych kontaktowych (telefon, email), godzin otwarcia ani procedury rezerwacji. Rekomenduje się bezpośredni kontakt ze szkołą LO Św. Marii Magdaleny w celu uzyskania pełnych informacji.",
Klub Sportowy Korona Zakrzewo,,Poznań,,wielofunkcyjne,,,,,Nowy,Nieznany,,,,,,,
Kortowo,,Poznań,,wielofunkcyjne,,,,,Nowy,Nieznany,,,,,,,
Korty Tenisowe,,Poznań,,wielofunkcyjne,,,,,Nowy,Nieznany,,,,,,,
Korty Tenisowe AKT Poznań,Podolany,"ul. Druskienicka 12, 60-476 Poznań",60-476,tenis,,,,,Nowy,Nieznany,,,,,,"Wyszukiwanie nie potwierdziło istnienia obiektu ""Korty Tenisowe AKT Poznań"" pod adresem ul. Druskienicka 12, 60-476 Poznań. Pod tym adresem znajduje się sklep Action (sieć handlowa). Nie znaleziono żadnych informacji o kortach tenisowych prowadzonych pod nazwą AKT w tym miejscu lub pobliskim obszarze. Wymagana weryfikacja danych lokalizacyjnych.",
Laba Sport,,Poznań,,wielofunkcyjne,,,,,Nowy,Nieznany,,,,,,,
Liga Obrony Kraju,,Poznań,,wielofunkcyjne,,,,Liga Obrony Kraju,Nowy,Nieznany,,,,,,,
LSS Ptaszkowo,,Poznań,,piłka nożna,,,,,Nowy,Nieznany,,,,,,,
Luboński 1943 Luboń,,Poznań,,piłka nożna,,,,,Nowy,Nieznany,,,,,,,
"LZS ""Zieloni"" Gaj Mały",,Poznań,,piłka nożna,,,,,Nowy,Nieznany,,,,,,,
Maratończyk Brzeźno,,Poznań,,piłka nożna,,,,,Nowy,Nieznany,,,,,,,
Nowy Stadion Średzki,,Poznań,,piłka nożna,,,,,Nowy,Nieznany,,,,,,,
Orlik,Kwiatowe,ul. Hiacyntowa,60-175,wielofunkcyjne,,,,Szkoła Podstawowa nr 78,Nowy,Nieznany,,,,,,,
Orlik,Ogrody,ul. Stanisława Przybyszewskiego,60-812,wielofunkcyjne,,,,Ogród Jordanowski nr 2,Nowy,Nieznany,,,,,,,
Orlik,Winogrady,os. Wichrowe Wzgórze,61-675,wielofunkcyjne,,,,XX Liceum Ogólnokształcące,Nowy,Nieznany,,,,,,,
Orlik,Piątkowo,os. Bolesława Chrobrego,60-681,wielofunkcyjne,,,,Szkoła Podstawowa nr 17,Nowy,Nieznany,,,,,,,
Orlik,,Poznań,,piłka nożna,,,,,Nowy,Nieznany,,,,,,,
Orlik,,Poznań,,piłka nożna,,,,,Nowy,Nieznany,,,,,,,
Orlik,,Poznań,,wielofunkcyjne,,,,Szkoła Podstawowa nr 6,Nowy,Nieznany,,,,,,,
Orlik,,Poznań,,wielofunkcyjne,,,,Szkoła Podstawowa nr 51,Nowy,Nieznany,,,,,,,
Orlik,,Poznań,,wielofunkcyjne,,,,V Liceum Ogólnokształcące,Nowy,Nieznany,,,,,,,
Orlik,,Poznań,,wielofunkcyjne,,,,,Nowy,Nieznany,,,,,,,
Orlik,,Poznań,,wielofunkcyjne,,,,Szkoła Podstawowa nr 34,Nowy,Nieznany,,,,,,,
Orlik,,Poznań,,wielofunkcyjne,,,,Technikum Inżynierii Środowiska i Agrobiznesu,Nowy,Nieznany,,,,,,,
Orlik,,Poznań,,piłka nożna,,,,,Nowy,Nieznany,,,,,,,
Orlik,,Poznań,,piłka nożna,,,,,Nowy,Nieznany,,,,,,,
Orlik,,Poznań,,wielofunkcyjne,,,,Społeczna Szkola Podstawowa nr 1,Nowy,Nieznany,,,,,,,
Orlik (koszykówka),,Poznań,,koszykówka,,,,,Nowy,Nieznany,,,,,,,
Orlik 2012 - boisko do koszykówki,,Poznań,,koszykówka,,,,,Nowy,Nieznany,,,,,,,
Orlik 2012 - Boisko do piłki nożnej,,Poznań,,piłka nożna,,,,,Nowy,Nieznany,,,,,,,
Orlik Białężyn,,Poznań,,piłka nożna,,,,,Nowy,Nieznany,,,,,,,
Orlik Głuchowo,,Poznań,,wielofunkcyjne,,,,,Nowy,Nieznany,,,,,,,
Orlik Skórzewo,,Poznań,,wielofunkcyjne,,,,,Nowy,Nieznany,,,,,,,
Orlik Wilda,Wilda,"ul. Rolna 30, 61-487 Poznań",61-513,piłka nożna / futsal,,,,,Nowy,Nieznany,,,,,,"Nie udało się znaleźć potwierdzenia istnienia obiektu ""Orlik Wilda"" pod adresem ul. Rolna 30, 61-487 Poznań. Wyszukiwania wykazały inne orliki w Poznaniu, ale nie tę konkretną lokalizację. Wymagane jest bezpośrednie sprawdzenie na miejscu lub uzyskanie informacji z lokalnych źródeł (samorząd Wilda, szkoły w okolicy).",
Parking Orlik Poznań 44,,"Osiedle Orła Białego, 61-251 Poznań, Polska",,piłka nożna,,,,,Nowy,Nieznany,,,,,,"Nie znaleziono obiektu sportowego (boiska piłkarskiego) pod adresem Osiedle Orła Białego 44, 61-251 Poznań. Wyszukiwania wskazują na parking strzeżony ""Orlik"" przy tym numerze (tel. +48 519 111 331), a nie na obiekt do gry w piłkę nożną. Klub UKS Orlik Poznań mieści się pod innym adresem (os. Orła Białego 120). Wymagana jest weryfikacja dokładnego adresu i nazwy obiektu.",
Plac do ćwiczeń,,ul. Kanałowa,62-010,wielofunkcyjne,,,,,Nowy,Nieznany,,,,,,,
POSiR Kiekrz,,Poznań,,wielofunkcyjne,,,,,Nowy,Nieznany,,,,,,,
POSiR Kiekrz,,Poznań,,wielofunkcyjne,,,,,Nowy,Nieznany,,,,,,,
Przedszkole nr 100 Mali Poznaniacy,,Poznań,,wielofunkcyjne,,,,Przedszkole nr 100 Mali Poznaniacy,Nowy,Nieznany,,,,,,,
Siłownia Słodkiewicz,Rataje,ul. Wioślarska,61-149,wielofunkcyjne,,,,,Nowy,Nieznany,,,,,,,
Spójnia Strykowo,,Poznań,,piłka nożna,,,,,Nowy,Nieznany,,,,,,,
stadion K.S. Lipno Stęszew,,Poznań,,piłka nożna,,,,,Nowy,Nieznany,,,,,,,
Stadion NKS Niepruszewo,,Poznań,,piłka nożna,,,,,Nowy,Nieznany,,,,,,,
Stadion Patrii Buk,,Poznań,,wielofunkcyjne,,,,,Nowy,Nieznany,,,,,,,
Swarzędzkie Centrum Sportu i Rekreacji,,Poznań,,piłka nożna,,,,Swarzędzkie Centrum Sportu i Rekreacji,Nowy,Nieznany,,,,,,,
Tenis Park Luboń,,Poznań,,wielofunkcyjne,,,,,Nowy,Nieznany,,,,,,,
UKS Złoci Złotkowo,,Poznań,,piłka nożna,,,,,Nowy,Nieznany,,,,,,,
Zarząd Osiedla Ławica; Urząd Miasta Poznania,,Poznań,,koszykówka,,,,Zarząd Osiedla Ławica; Urząd Miasta Poznania,Nowy,Nieznany,,,,,,,